,array sizes,durations
0,10000,0.036806344985961914
1,10000,0.036373138427734375
2,10000,0.03686118125915527
3,10000,0.036296844482421875
4,10000,0.036498069763183594
5,9990,0.03762984275817871
6,9990,0.03710746765136719
7,9990,0.036415815353393555
8,9990,0.03678560256958008
9,9990,0.03653669357299805
10,9980,0.03705239295959473
11,9980,0.03641796112060547
12,9980,0.03627824783325195
13,9980,0.03619074821472168
14,9980,0.03718709945678711
15,9970,0.03721451759338379
16,9970,0.03680992126464844
17,9970,0.03624582290649414
18,9970,0.03578472137451172
19,9970,0.037213802337646484
20,9960,0.036232709884643555
21,9960,0.03655219078063965
22,9960,0.036301374435424805
23,9960,0.03600287437438965
24,9960,0.03703022003173828
25,9950,0.037003517150878906
26,9950,0.03686809539794922
27,9950,0.036940813064575195
28,9950,0.036621809005737305
29,9950,0.03695821762084961
30,9940,0.03680539131164551
31,9940,0.03715062141418457
32,9940,0.03690743446350098
33,9940,0.03639674186706543
34,9940,0.03638863563537598
35,9930,0.0366666316986084
36,9930,0.03673291206359863
37,9930,0.03618192672729492
38,9930,0.036753177642822266
39,9930,0.03593111038208008
40,9920,0.035910606384277344
41,9920,0.03669333457946777
42,9920,0.03619122505187988
43,9920,0.03584146499633789
44,9920,0.03618645668029785
45,9910,0.03605151176452637
46,9910,0.03575921058654785
47,9910,0.03564190864562988
48,9910,0.03631162643432617
49,9910,0.03679704666137695
50,9900,0.03595399856567383
51,9900,0.03586149215698242
52,9900,0.036829233169555664
53,9900,0.036338090896606445
54,9900,0.03616976737976074
55,9890,0.03604531288146973
56,9890,0.036411285400390625
57,9890,0.03614306449890137
58,9890,0.03694629669189453
59,9890,0.03708910942077637
60,9880,0.03726387023925781
61,9880,0.037363529205322266
62,9880,0.03731989860534668
63,9880,0.03743696212768555
64,9880,0.03701901435852051
65,9870,0.03783583641052246
66,9870,0.03879213333129883
67,9870,0.03738760948181152
68,9870,0.05179595947265625
69,9870,0.04021859169006348
70,9860,0.03736066818237305
71,9860,0.03682303428649902
72,9860,0.037258148193359375
73,9860,0.035883426666259766
74,9860,0.03657078742980957
75,9850,0.03728151321411133
76,9850,0.03675961494445801
77,9850,0.03737330436706543
78,9850,0.0384829044342041
79,9850,0.03837943077087402
80,9840,0.03741812705993652
81,9840,0.03627157211303711
82,9840,0.0355381965637207
83,9840,0.03661346435546875
84,9840,0.035926103591918945
85,9830,0.0360713005065918
86,9830,0.03571295738220215
87,9830,0.03599715232849121
88,9830,0.03638482093811035
89,9830,0.035584211349487305
90,9820,0.035421133041381836
91,9820,0.03551435470581055
92,9820,0.03567934036254883
93,9820,0.036263465881347656
94,9820,0.035651445388793945
95,9810,0.03563094139099121
96,9810,0.03598475456237793
97,9810,0.03624773025512695
98,9810,0.035988807678222656
99,9810,0.03545641899108887
100,9800,0.03527545928955078
101,9800,0.03644132614135742
102,9800,0.035709381103515625
103,9800,0.035872697830200195
104,9800,0.03628802299499512
105,9790,0.03545045852661133
106,9790,0.036655426025390625
107,9790,0.03604626655578613
108,9790,0.036228179931640625
109,9790,0.03546547889709473
110,9780,0.0353236198425293
111,9780,0.03608894348144531
112,9780,0.03571176528930664
113,9780,0.035532236099243164
114,9780,0.03534054756164551
115,9770,0.03579998016357422
116,9770,0.03537416458129883
117,9770,0.03533053398132324
118,9770,0.03553962707519531
119,9770,0.03534865379333496
120,9760,0.03524160385131836
121,9760,0.035567522048950195
122,9760,0.035125732421875
123,9760,0.03506016731262207
124,9760,0.03515219688415527
125,9750,0.034978389739990234
126,9750,0.03519105911254883
127,9750,0.03604531288146973
128,9750,0.035286664962768555
129,9750,0.03524017333984375
130,9740,0.035149335861206055
131,9740,0.035035133361816406
132,9740,0.03541827201843262
133,9740,0.035189151763916016
134,9740,0.03513479232788086
135,9730,0.035501718521118164
136,9730,0.035303592681884766
137,9730,0.034861087799072266
138,9730,0.03590559959411621
139,9730,0.03523063659667969
140,9720,0.03534984588623047
141,9720,0.03528761863708496
142,9720,0.03542947769165039
143,9720,0.035514116287231445
144,9720,0.03503608703613281
145,9710,0.035172224044799805
146,9710,0.035123586654663086
147,9710,0.03480267524719238
148,9710,0.03480100631713867
149,9710,0.03568315505981445
150,9700,0.03471064567565918
151,9700,0.03492879867553711
152,9700,0.03533434867858887
153,9700,0.03506207466125488
154,9700,0.03498530387878418
155,9690,0.03534722328186035
156,9690,0.034921884536743164
157,9690,0.03531002998352051
158,9690,0.03516674041748047
159,9690,0.03506922721862793
160,9680,0.035381317138671875
161,9680,0.0351712703704834
162,9680,0.0350492000579834
163,9680,0.03511667251586914
164,9680,0.03498649597167969
165,9670,0.03488755226135254
166,9670,0.03505134582519531
167,9670,0.03505825996398926
168,9670,0.03528904914855957
169,9670,0.03509068489074707
170,9660,0.03493547439575195
171,9660,0.0346980094909668
172,9660,0.03606605529785156
173,9660,0.035131216049194336
174,9660,0.03496289253234863
175,9650,0.03479123115539551
176,9650,0.034838199615478516
177,9650,0.034506797790527344
178,9650,0.03515934944152832
179,9650,0.03507733345031738
180,9640,0.03481459617614746
181,9640,0.034857988357543945
182,9640,0.03511619567871094
183,9640,0.03487992286682129
184,9640,0.03495287895202637
185,9630,0.034493446350097656
186,9630,0.03488492965698242
187,9630,0.03507184982299805
188,9630,0.03541088104248047
189,9630,0.03505516052246094
190,9620,0.034841299057006836
191,9620,0.03474068641662598
192,9620,0.034619808197021484
193,9620,0.03492426872253418
194,9620,0.034580230712890625
195,9610,0.035489797592163086
196,9610,0.03437018394470215
197,9610,0.03469705581665039
198,9610,0.034711360931396484
199,9610,0.0345613956451416
200,9600,0.03436899185180664
201,9600,0.034780025482177734
202,9600,0.03446698188781738
203,9600,0.03531002998352051
204,9600,0.03506135940551758
205,9590,0.034511566162109375
206,9590,0.03497457504272461
207,9590,0.03472542762756348
208,9590,0.03467059135437012
209,9590,0.034718990325927734
210,9580,0.03474926948547363
211,9580,0.03458118438720703
212,9580,0.03529763221740723
213,9580,0.03455781936645508
214,9580,0.03446483612060547
215,9570,0.03441500663757324
216,9570,0.03444051742553711
217,9570,0.034140825271606445
218,9570,0.03610539436340332
219,9570,0.03446364402770996
220,9560,0.034697771072387695
221,9560,0.034963369369506836
222,9560,0.03441977500915527
223,9560,0.03444981575012207
224,9560,0.034699440002441406
225,9550,0.034937143325805664
226,9550,0.034368038177490234
227,9550,0.03440046310424805
228,9550,0.03442049026489258
229,9550,0.034795284271240234
230,9540,0.03462481498718262
231,9540,0.034539222717285156
232,9540,0.03443002700805664
233,9540,0.03467750549316406
234,9540,0.03452587127685547
235,9530,0.03431129455566406
236,9530,0.0344541072845459
237,9530,0.034319162368774414
238,9530,0.034526824951171875
239,9530,0.03449583053588867
240,9520,0.034217119216918945
241,9520,0.034806251525878906
242,9520,0.03432655334472656
243,9520,0.034217119216918945
244,9520,0.03418374061584473
245,9510,0.03415632247924805
246,9510,0.033995866775512695
247,9510,0.03452730178833008
248,9510,0.03409075736999512
249,9510,0.035249948501586914
250,9500,0.034119606018066406
251,9500,0.03421139717102051
252,9500,0.0340728759765625
253,9500,0.034767866134643555
254,9500,0.034122467041015625
255,9490,0.034281015396118164
256,9490,0.03431582450866699
257,9490,0.034279584884643555
258,9490,0.034195661544799805
259,9490,0.03426861763000488
260,9480,0.03421831130981445
261,9480,0.03420376777648926
262,9480,0.03419756889343262
263,9480,0.03443741798400879
264,9480,0.035315513610839844
265,9470,0.03416848182678223
266,9470,0.03485250473022461
267,9470,0.034377336502075195
268,9470,0.034038543701171875
269,9470,0.034201622009277344
270,9460,0.03418302536010742
271,9460,0.034096717834472656
272,9460,0.03399825096130371
273,9460,0.03409457206726074
274,9460,0.03406929969787598
275,9450,0.0338590145111084
276,9450,0.03481650352478027
277,9450,0.03356766700744629
278,9450,0.034328460693359375
279,9450,0.03406333923339844
280,9440,0.0344696044921875
281,9440,0.033972740173339844
282,9440,0.03415632247924805
283,9440,0.03424859046936035
284,9440,0.03393888473510742
285,9430,0.033876895904541016
286,9430,0.0340266227722168
287,9430,0.033602237701416016
288,9430,0.03525829315185547
289,9430,0.03522539138793945
290,9420,0.034631967544555664
291,9420,0.034537315368652344
292,9420,0.03955841064453125
293,9420,0.034586191177368164
294,9420,0.0346372127532959
295,9410,0.03481411933898926
296,9410,0.03461575508117676
297,9410,0.034764766693115234
298,9410,0.03476285934448242
299,9410,0.03477168083190918
300,9400,0.034648895263671875
301,9400,0.034578800201416016
302,9400,0.034549713134765625
303,9400,0.034461259841918945
304,9400,0.03388667106628418
305,9390,0.03397059440612793
306,9390,0.0337214469909668
307,9390,0.03348660469055176
308,9390,0.033738136291503906
309,9390,0.033185482025146484
310,9380,0.03437447547912598
311,9380,0.03601813316345215
312,9380,0.03338432312011719
313,9380,0.03448629379272461
314,9380,0.034655094146728516
315,9370,0.03444719314575195
316,9370,0.03462719917297363
317,9370,0.03482508659362793
318,9370,0.0344080924987793
319,9370,0.03435945510864258
320,9360,0.034253835678100586
321,9360,0.03397226333618164
322,9360,0.03310966491699219
323,9360,0.034272193908691406
324,9360,0.033350467681884766
325,9350,0.03368020057678223
326,9350,0.033873796463012695
327,9350,0.03376007080078125
328,9350,0.03361344337463379
329,9350,0.03487753868103027
330,9340,0.034351348876953125
331,9340,0.03431439399719238
332,9340,0.03432035446166992
333,9340,0.03417348861694336
334,9340,0.03417682647705078
335,9330,0.034159183502197266
336,9330,0.03364968299865723
337,9330,0.03404641151428223
338,9330,0.034381866455078125
339,9330,0.03473687171936035
340,9320,0.03498363494873047
341,9320,0.03783559799194336
342,9320,0.034768104553222656
343,9320,0.034356117248535156
344,9320,0.034267425537109375
345,9310,0.03404569625854492
346,9310,0.0342564582824707
347,9310,0.03419327735900879
348,9310,0.03445267677307129
349,9310,0.034223318099975586
350,9300,0.034204959869384766
351,9300,0.03420090675354004
352,9300,0.04278874397277832
353,9300,0.03988766670227051
354,9300,0.03548860549926758
355,9290,0.03518962860107422
356,9290,0.03476595878601074
357,9290,0.03524136543273926
358,9290,0.03530120849609375
359,9290,0.035848379135131836
360,9280,0.03465127944946289
361,9280,0.03454732894897461
362,9280,0.034223079681396484
363,9280,0.03400707244873047
364,9280,0.033843040466308594
365,9270,0.03327465057373047
366,9270,0.03334975242614746
367,9270,0.0345768928527832
368,9270,0.034423828125
369,9270,0.03507256507873535
370,9260,0.03341841697692871
371,9260,0.034075021743774414
372,9260,0.03394603729248047
373,9260,0.033669471740722656
374,9260,0.03305625915527344
375,9250,0.03467679023742676
376,9250,0.03465867042541504
377,9250,0.03411054611206055
378,9250,0.0339360237121582
379,9250,0.03367328643798828
380,9240,0.03298354148864746
381,9240,0.03456258773803711
382,9240,0.03316974639892578
383,9240,0.03306841850280762
384,9240,0.033304452896118164
385,9230,0.032788753509521484
386,9230,0.03259778022766113
387,9230,0.032880306243896484
388,9230,0.0323028564453125
389,9230,0.03384041786193848
390,9220,0.03288745880126953
391,9220,0.03369617462158203
392,9220,0.03320050239562988
393,9220,0.03333020210266113
394,9220,0.0336456298828125
395,9210,0.03327226638793945
396,9210,0.03298640251159668
397,9210,0.03424882888793945
398,9210,0.03432297706604004
399,9210,0.03412747383117676
400,9200,0.03441905975341797
401,9200,0.034262895584106445
402,9200,0.03433799743652344
403,9200,0.033846378326416016
404,9200,0.033701181411743164
405,9190,0.03356504440307617
406,9190,0.033144474029541016
407,9190,0.03279614448547363
408,9190,0.03272533416748047
409,9190,0.0329892635345459
410,9180,0.03235006332397461
411,9180,0.032375335693359375
412,9180,0.032189130783081055
413,9180,0.03328704833984375
414,9180,0.03287553787231445
415,9170,0.032622337341308594
416,9170,0.03289914131164551
417,9170,0.03333282470703125
418,9170,0.032555580139160156
419,9170,0.03233981132507324
420,9160,0.03233695030212402
421,9160,0.03222966194152832
422,9160,0.03235363960266113
423,9160,0.0323336124420166
424,9160,0.032349348068237305
425,9150,0.03250622749328613
426,9150,0.03242206573486328
427,9150,0.032059431076049805
428,9150,0.03594636917114258
429,9150,0.03325510025024414
430,9140,0.03210806846618652
431,9140,0.032590627670288086
432,9140,0.033019304275512695
433,9140,0.032560110092163086
434,9140,0.03202009201049805
435,9130,0.032256126403808594
436,9130,0.03229999542236328
437,9130,0.03232288360595703
438,9130,0.032346487045288086
439,9130,0.03222775459289551
440,9120,0.03195381164550781
441,9120,0.03521084785461426
442,9120,0.032340049743652344
443,9120,0.03252530097961426
444,9120,0.032506465911865234
445,9110,0.03270554542541504
446,9110,0.03223156929016113
447,9110,0.03233146667480469
448,9110,0.03255486488342285
449,9110,0.03190350532531738
450,9100,0.03246593475341797
451,9100,0.03240656852722168
452,9100,0.03225851058959961
453,9100,0.03234672546386719
454,9100,0.032953500747680664
455,9090,0.03272557258605957
456,9090,0.0326693058013916
457,9090,0.032955169677734375
458,9090,0.03209543228149414
459,9090,0.03200387954711914
460,9080,0.032698869705200195
461,9080,0.03217625617980957
462,9080,0.032163143157958984
463,9080,0.03212904930114746
464,9080,0.031722068786621094
465,9070,0.03190016746520996
466,9070,0.03257918357849121
467,9070,0.0322721004486084
468,9070,0.0324246883392334
469,9070,0.032807350158691406
470,9060,0.03217029571533203
471,9060,0.031923770904541016
472,9060,0.033495426177978516
473,9060,0.03235316276550293
474,9060,0.03230023384094238
475,9050,0.03243064880371094
476,9050,0.032192230224609375
477,9050,0.03184771537780762
478,9050,0.03265666961669922
479,9050,0.03197216987609863
480,9040,0.03202176094055176
481,9040,0.032146453857421875
482,9040,0.03216218948364258
483,9040,0.032111406326293945
484,9040,0.03188967704772949
485,9030,0.032352447509765625
486,9030,0.031793832778930664
487,9030,0.0321505069732666
488,9030,0.0317075252532959
489,9030,0.0326993465423584
490,9020,0.031848907470703125
491,9020,0.03352665901184082
492,9020,0.03230714797973633
493,9020,0.03207874298095703
494,9020,0.032103776931762695
495,9010,0.03224635124206543
496,9010,0.03178048133850098
497,9010,0.032099008560180664
498,9010,0.03197979927062988
499,9010,0.03201699256896973
500,9000,0.03182196617126465
501,9000,0.0318448543548584
502,9000,0.031672000885009766
503,9000,0.032518863677978516
504,9000,0.031850576400756836
505,8990,0.03238248825073242
506,8990,0.03219413757324219
507,8990,0.03240346908569336
508,8990,0.03226137161254883
509,8990,0.03194761276245117
510,8980,0.03239846229553223
511,8980,0.0319976806640625
512,8980,0.03281760215759277
513,8980,0.03188610076904297
514,8980,0.031768798828125
515,8970,0.0319666862487793
516,8970,0.03280901908874512
517,8970,0.03182268142700195
518,8970,0.031883955001831055
519,8970,0.03197836875915527
520,8960,0.03201103210449219
521,8960,0.03168916702270508
522,8960,0.03294682502746582
523,8960,0.03242850303649902
524,8960,0.03199315071105957
525,8950,0.031943321228027344
526,8950,0.03364706039428711
527,8950,0.03252720832824707
528,8950,0.03265190124511719
529,8950,0.03253507614135742
530,8940,0.03194165229797363
531,8940,0.03189873695373535
532,8940,0.03426933288574219
533,8940,0.03743863105773926
534,8940,0.03308606147766113
535,8930,0.03275561332702637
536,8930,0.032506465911865234
537,8930,0.03238844871520996
538,8930,0.032819271087646484
539,8930,0.0319061279296875
540,8920,0.0322115421295166
541,8920,0.03188586235046387
542,8920,0.03191566467285156
543,8920,0.03288984298706055
544,8920,0.03289461135864258
545,8910,0.03268885612487793
546,8910,0.03229880332946777
547,8910,0.033225059509277344
548,8910,0.0316462516784668
549,8910,0.03165721893310547
550,8900,0.03159594535827637
551,8900,0.03149127960205078
552,8900,0.031479597091674805
553,8900,0.03326749801635742
554,8900,0.03670215606689453
555,8890,0.033326148986816406
556,8890,0.03181958198547363
557,8890,0.03196144104003906
558,8890,0.032179832458496094
559,8890,0.03216886520385742
560,8880,0.03236651420593262
561,8880,0.03176999092102051
562,8880,0.03140759468078613
563,8880,0.03160881996154785
564,8880,0.031348228454589844
565,8870,0.032103538513183594
566,8870,0.03149223327636719
567,8870,0.03147149085998535
568,8870,0.03197622299194336
569,8870,0.032933712005615234
570,8860,0.032105445861816406
571,8860,0.0325162410736084
572,8860,0.031774044036865234
573,8860,0.03143191337585449
574,8860,0.031676530838012695
575,8850,0.03319954872131348
576,8850,0.03228425979614258
577,8850,0.03170013427734375
578,8850,0.03302884101867676
579,8850,0.032335758209228516
580,8840,0.032108306884765625
581,8840,0.031984567642211914
582,8840,0.03154277801513672
583,8840,0.03132939338684082
584,8840,0.03205108642578125
585,8830,0.03152179718017578
586,8830,0.031202077865600586
587,8830,0.03127717971801758
588,8830,0.03114175796508789
589,8830,0.03359627723693848
590,8820,0.03420853614807129
591,8820,0.03357529640197754
592,8820,0.03939628601074219
593,8820,0.0325927734375
594,8820,0.03204154968261719
595,8810,0.03209829330444336
596,8810,0.03207969665527344
597,8810,0.03223156929016113
598,8810,0.03190898895263672
599,8810,0.03197646141052246
600,8800,0.03190779685974121
601,8800,0.03188037872314453
602,8800,0.03214669227600098
603,8800,0.03194379806518555
604,8800,0.03187727928161621
605,8790,0.03181314468383789
606,8790,0.03178215026855469
607,8790,0.031801462173461914
608,8790,0.031746864318847656
609,8790,0.03196978569030762
610,8780,0.031339168548583984
611,8780,0.03226780891418457
612,8780,0.031473398208618164
613,8780,0.03184175491333008
614,8780,0.03190493583679199
615,8770,0.03226757049560547
616,8770,0.03167080879211426
617,8770,0.03227686882019043
618,8770,0.031050682067871094
619,8770,0.031432151794433594
620,8760,0.0327455997467041
621,8760,0.03209066390991211
622,8760,0.03185749053955078
623,8760,0.03186821937561035
624,8760,0.03194165229797363
625,8750,0.03180527687072754
626,8750,0.03177332878112793
627,8750,0.03172469139099121
628,8750,0.032064199447631836
629,8750,0.03170418739318848
630,8740,0.03165721893310547
631,8740,0.03167104721069336
632,8740,0.0315706729888916
633,8740,0.031749725341796875
634,8740,0.03207111358642578
635,8730,0.03460812568664551
636,8730,0.0315098762512207
637,8730,0.031574249267578125
638,8730,0.030902385711669922
639,8730,0.030911922454833984
640,8720,0.03298377990722656
641,8720,0.031006336212158203
642,8720,0.0310366153717041
643,8720,0.03084564208984375
644,8720,0.031065940856933594
645,8710,0.030558347702026367
646,8710,0.030573368072509766
647,8710,0.0316159725189209
648,8710,0.031076908111572266
649,8710,0.030979394912719727
650,8700,0.030757665634155273
651,8700,0.03056955337524414
652,8700,0.032036781311035156
653,8700,0.03528881072998047
654,8700,0.03207278251647949
655,8690,0.03145289421081543
656,8690,0.03138923645019531
657,8690,0.031330108642578125
658,8690,0.031481266021728516
659,8690,0.03214406967163086
660,8680,0.03621649742126465
661,8680,0.03619194030761719
662,8680,0.03285932540893555
663,8680,0.032314300537109375
664,8680,0.0327761173248291
665,8670,0.03428053855895996
666,8670,0.03270244598388672
667,8670,0.03132891654968262
668,8670,0.031259775161743164
669,8670,0.031231403350830078
670,8660,0.03065013885498047
671,8660,0.030803442001342773
672,8660,0.0307466983795166
673,8660,0.030242443084716797
674,8660,0.03066849708557129
675,8650,0.03054332733154297
676,8650,0.030221939086914062
677,8650,0.030533552169799805
678,8650,0.032778024673461914
679,8650,0.0309445858001709
680,8640,0.030499935150146484
681,8640,0.030447959899902344
682,8640,0.030254125595092773
683,8640,0.030125856399536133
684,8640,0.030950069427490234
685,8630,0.030850648880004883
686,8630,0.030629873275756836
687,8630,0.030721426010131836
688,8630,0.03059077262878418
689,8630,0.030735015869140625
690,8620,0.03040456771850586
691,8620,0.03056049346923828
692,8620,0.03065037727355957
693,8620,0.030347585678100586
694,8620,0.03040790557861328
695,8610,0.030190467834472656
696,8610,0.03009510040283203
697,8610,0.03034496307373047
698,8610,0.03063488006591797
699,8610,0.030377626419067383
700,8600,0.03032970428466797
701,8600,0.030348777770996094
702,8600,0.030295133590698242
703,8600,0.030617475509643555
704,8600,0.030641794204711914
705,8590,0.03020954132080078
706,8590,0.030208587646484375
707,8590,0.030957698822021484
708,8590,0.03122091293334961
709,8590,0.030961990356445312
710,8580,0.030905485153198242
711,8580,0.031020641326904297
712,8580,0.030904769897460938
713,8580,0.030885696411132812
714,8580,0.03087019920349121
715,8570,0.03034043312072754
716,8570,0.029921531677246094
717,8570,0.03071427345275879
718,8570,0.03010416030883789
719,8570,0.029941558837890625
720,8560,0.029925823211669922
721,8560,0.03007340431213379
722,8560,0.029778003692626953
723,8560,0.031453847885131836
724,8560,0.03184103965759277
725,8550,0.03067612648010254
726,8550,0.030766010284423828
727,8550,0.03457307815551758
728,8550,0.031182050704956055
729,8550,0.034627437591552734
730,8540,0.031202077865600586
731,8540,0.03078174591064453
732,8540,0.031202077865600586
733,8540,0.031159162521362305
734,8540,0.031378746032714844
735,8530,0.031015872955322266
736,8530,0.030663728713989258
737,8530,0.030642271041870117
738,8530,0.030659198760986328
739,8530,0.03701376914978027
740,8520,0.030649662017822266
741,8520,0.030582189559936523
742,8520,0.030553817749023438
743,8520,0.03067469596862793
744,8520,0.030221939086914062
745,8510,0.029909849166870117
746,8510,0.0301053524017334
747,8510,0.03071141242980957
748,8510,0.030706167221069336
749,8510,0.030808687210083008
750,8500,0.030941486358642578
751,8500,0.030742645263671875
752,8500,0.030305862426757812
753,8500,0.03031325340270996
754,8500,0.03027820587158203
755,8490,0.030066490173339844
756,8490,0.030576467514038086
757,8490,0.03051161766052246
758,8490,0.030240774154663086
759,8490,0.030907869338989258
760,8480,0.030310392379760742
761,8480,0.030079126358032227
762,8480,0.030268430709838867
763,8480,0.037142276763916016
764,8480,0.0314021110534668
765,8470,0.03194904327392578
766,8470,0.03153228759765625
767,8470,0.03157162666320801
768,8470,0.031633615493774414
769,8470,0.031464576721191406
770,8460,0.031138896942138672
771,8460,0.03109884262084961
772,8460,0.031122446060180664
773,8460,0.030391693115234375
774,8460,0.030127525329589844
775,8450,0.030466794967651367
776,8450,0.030855417251586914
777,8450,0.03042435646057129
778,8450,0.030430316925048828
779,8450,0.030444622039794922
780,8440,0.02991771697998047
781,8440,0.029907703399658203
782,8440,0.03131270408630371
783,8440,0.030434370040893555
784,8440,0.03058624267578125
785,8430,0.030681848526000977
786,8430,0.030411243438720703
787,8430,0.03053450584411621
788,8430,0.03067803382873535
789,8430,0.030633211135864258
790,8420,0.030440807342529297
791,8420,0.0306243896484375
792,8420,0.030426502227783203
793,8420,0.030376434326171875
794,8420,0.034822940826416016
795,8410,0.03246641159057617
796,8410,0.03131270408630371
797,8410,0.03151583671569824
798,8410,0.03138542175292969
799,8410,0.03152608871459961
800,8400,0.032082319259643555
801,8400,0.031287193298339844
802,8400,0.03236865997314453
803,8400,0.0314183235168457
804,8400,0.03269386291503906
805,8390,0.032114267349243164
806,8390,0.03137969970703125
807,8390,0.03021836280822754
808,8390,0.030021190643310547
809,8390,0.02949810028076172
810,8380,0.029433250427246094
811,8380,0.029314756393432617
812,8380,0.029178857803344727
813,8380,0.028690814971923828
814,8380,0.029594898223876953
815,8370,0.029343366622924805
816,8370,0.02940678596496582
817,8370,0.029296398162841797
818,8370,0.029788732528686523
819,8370,0.030623197555541992
820,8360,0.030465126037597656
821,8360,0.030694246292114258
822,8360,0.03039383888244629
823,8360,0.030061721801757812
824,8360,0.029967069625854492
825,8350,0.02959918975830078
826,8350,0.02933335304260254
827,8350,0.02943277359008789
828,8350,0.029397249221801758
829,8350,0.02927565574645996
830,8340,0.029135465621948242
831,8340,0.029209613800048828
832,8340,0.029265403747558594
833,8340,0.03009319305419922
834,8340,0.031202077865600586
835,8330,0.030487060546875
836,8330,0.030917644500732422
837,8330,0.03108668327331543
838,8330,0.03093242645263672
839,8330,0.03056788444519043
840,8320,0.030480623245239258
841,8320,0.030667781829833984
842,8320,0.030219554901123047
843,8320,0.030141353607177734
844,8320,0.02991008758544922
845,8310,0.029874086380004883
846,8310,0.029433488845825195
847,8310,0.029387474060058594
848,8310,0.030479907989501953
849,8310,0.02992987632751465
850,8300,0.02990412712097168
851,8300,0.03131461143493652
852,8300,0.029842853546142578
853,8300,0.029766321182250977
854,8300,0.030148744583129883
855,8290,0.029665708541870117
856,8290,0.02938675880432129
857,8290,0.029175996780395508
858,8290,0.029125452041625977
859,8290,0.029717683792114258
860,8280,0.029761314392089844
861,8280,0.03056788444519043
862,8280,0.029788970947265625
863,8280,0.029767274856567383
864,8280,0.02970123291015625
865,8270,0.029369831085205078
866,8270,0.029652833938598633
867,8270,0.02933645248413086
868,8270,0.029775619506835938
869,8270,0.02945256233215332
870,8260,0.0320432186126709
871,8260,0.03153038024902344
872,8260,0.031028270721435547
873,8260,0.03030681610107422
874,8260,0.03040456771850586
875,8250,0.030208349227905273
876,8250,0.02962970733642578
877,8250,0.029717445373535156
878,8250,0.02945256233215332
879,8250,0.029254436492919922
880,8240,0.029217243194580078
881,8240,0.02941417694091797
882,8240,0.02954840660095215
883,8240,0.02925586700439453
884,8240,0.0290830135345459
885,8230,0.028764963150024414
886,8230,0.029104232788085938
887,8230,0.02902364730834961
888,8230,0.02948784828186035
889,8230,0.02963089942932129
890,8220,0.029425621032714844
891,8220,0.029462575912475586
892,8220,0.02913069725036621
893,8220,0.029103755950927734
894,8220,0.02908921241760254
895,8210,0.029172182083129883
896,8210,0.029206037521362305
897,8210,0.028947114944458008
898,8210,0.029363393783569336
899,8210,0.029435396194458008
900,8200,0.02916097640991211
901,8200,0.029123783111572266
902,8200,0.029744386672973633
903,8200,0.029356956481933594
904,8200,0.029369115829467773
905,8190,0.029161930084228516
906,8190,0.02876877784729004
907,8190,0.028722286224365234
908,8190,0.028493642807006836
909,8190,0.029408693313598633
910,8180,0.028994083404541016
911,8180,0.02915334701538086
912,8180,0.028942346572875977
913,8180,0.02884674072265625
914,8180,0.028835296630859375
915,8170,0.029291629791259766
916,8170,0.029497385025024414
917,8170,0.028940439224243164
918,8170,0.029029369354248047
919,8170,0.02918076515197754
920,8160,0.029070138931274414
921,8160,0.029081106185913086
922,8160,0.028694629669189453
923,8160,0.028874874114990234
924,8160,0.02813553810119629
925,8150,0.028879642486572266
926,8150,0.029024839401245117
927,8150,0.028719186782836914
928,8150,0.028904438018798828
929,8150,0.029612064361572266
930,8140,0.028938770294189453
931,8140,0.028764009475708008
932,8140,0.028622865676879883
933,8140,0.02869892120361328
934,8140,0.02887558937072754
935,8130,0.028686046600341797
936,8130,0.0288541316986084
937,8130,0.02866339683532715
938,8130,0.02883744239807129
939,8130,0.027858257293701172
940,8120,0.028496265411376953
941,8120,0.02928614616394043
942,8120,0.029063701629638672
943,8120,0.029605627059936523
944,8120,0.028937101364135742
945,8110,0.028890132904052734
946,8110,0.02895522117614746
947,8110,0.02869391441345215
948,8110,0.028598785400390625
949,8110,0.028576135635375977
950,8100,0.028642892837524414
951,8100,0.0287477970123291
952,8100,0.02872920036315918
953,8100,0.028196096420288086
954,8100,0.02836751937866211
955,8090,0.027894258499145508
956,8090,0.02849888801574707
957,8090,0.029145240783691406
958,8090,0.028681516647338867
959,8090,0.028479576110839844
960,8080,0.028687238693237305
961,8080,0.028658151626586914
962,8080,0.028568267822265625
963,8080,0.02872920036315918
964,8080,0.028491497039794922
965,8070,0.02840399742126465
966,8070,0.02835822105407715
967,8070,0.028321504592895508
968,8070,0.02827763557434082
969,8070,0.02767014503479004
970,8060,0.028598785400390625
971,8060,0.029233455657958984
972,8060,0.028731346130371094
973,8060,0.029204368591308594
974,8060,0.028393268585205078
975,8050,0.028578996658325195
976,8050,0.028317928314208984
977,8050,0.02884817123413086
978,8050,0.028667211532592773
979,8050,0.028458833694458008
980,8040,0.028270483016967773
981,8040,0.028231143951416016
982,8040,0.028129100799560547
983,8040,0.02755594253540039
984,8040,0.02832484245300293
985,8030,0.029117107391357422
986,8030,0.02838921546936035
987,8030,0.0283811092376709
988,8030,0.02842402458190918
989,8030,0.028470754623413086
990,8020,0.02848672866821289
991,8020,0.028240680694580078
992,8020,0.028407812118530273
993,8020,0.028316497802734375
994,8020,0.028260469436645508
995,8010,0.028174638748168945
996,8010,0.027510404586791992
997,8010,0.028179168701171875
998,8010,0.028375625610351562
999,8010,0.028555870056152344
1000,8000,0.028971433639526367
1001,8000,0.028683185577392578
1002,8000,0.028509855270385742
1003,8000,0.02839040756225586
1004,8000,0.028379440307617188
1005,7990,0.028246164321899414
1006,7990,0.028192520141601562
1007,7990,0.028410673141479492
1008,7990,0.028275012969970703
1009,7990,0.02796769142150879
1010,7980,0.02833843231201172
1011,7980,0.028336286544799805
1012,7980,0.0283660888671875
1013,7980,0.02839946746826172
1014,7980,0.02887129783630371
1015,7970,0.028124332427978516
1016,7970,0.02811455726623535
1017,7970,0.027987957000732422
1018,7970,0.0279390811920166
1019,7970,0.027943134307861328
1020,7960,0.02761983871459961
1021,7960,0.027846097946166992
1022,7960,0.02824544906616211
1023,7960,0.028039216995239258
1024,7960,0.02812504768371582
1025,7950,0.02810835838317871
1026,7950,0.027940750122070312
1027,7950,0.027918338775634766
1028,7950,0.028914928436279297
1029,7950,0.02796196937561035
1030,7940,0.027777910232543945
1031,7940,0.02783513069152832
1032,7940,0.02730107307434082
1033,7940,0.027868270874023438
1034,7940,0.02816295623779297
1035,7930,0.028206586837768555
1036,7930,0.028050899505615234
1037,7930,0.028450965881347656
1038,7930,0.027861833572387695
1039,7930,0.027914762496948242
1040,7920,0.027658939361572266
1041,7920,0.027587175369262695
1042,7920,0.028038978576660156
1043,7920,0.027993440628051758
1044,7920,0.028155088424682617
1045,7910,0.027803659439086914
1046,7910,0.027704477310180664
1047,7910,0.027855396270751953
1048,7910,0.02785205841064453
1049,7910,0.027657747268676758
1050,7900,0.027285099029541016
1051,7900,0.0269010066986084
1052,7900,0.027152299880981445
1053,7900,0.02696824073791504
1054,7900,0.027106285095214844
1055,7890,0.027023792266845703
1056,7890,0.027077674865722656
1057,7890,0.027907848358154297
1058,7890,0.02729654312133789
1059,7890,0.027321815490722656
1060,7880,0.027252674102783203
1061,7880,0.02706623077392578
1062,7880,0.027091026306152344
1063,7880,0.02716231346130371
1064,7880,0.02744269371032715
1065,7870,0.02737283706665039
1066,7870,0.02727365493774414
1067,7870,0.027528047561645508
1068,7870,0.02723836898803711
1069,7870,0.027242422103881836
1070,7860,0.027200698852539062
1071,7860,0.027351856231689453
1072,7860,0.027446508407592773
1073,7860,0.02717304229736328
1074,7860,0.02722454071044922
1075,7850,0.0270693302154541
1076,7850,0.026967287063598633
1077,7850,0.026593446731567383
1078,7850,0.027013540267944336
1079,7850,0.02745985984802246
1080,7840,0.02714681625366211
1081,7840,0.0271146297454834
1082,7840,0.02714061737060547
1083,7840,0.027190446853637695
1084,7840,0.02702641487121582
1085,7830,0.026733875274658203
1086,7830,0.027657747268676758
1087,7830,0.02720332145690918
1088,7830,0.02706122398376465
1089,7830,0.0271761417388916
1090,7820,0.026786327362060547
1091,7820,0.02672553062438965
1092,7820,0.026618242263793945
1093,7820,0.0268251895904541
1094,7820,0.02741265296936035
1095,7810,0.026910781860351562
1096,7810,0.026917219161987305
1097,7810,0.026798725128173828
1098,7810,0.02690887451171875
1099,7810,0.026687145233154297
1100,7800,0.02660202980041504
1101,7800,0.027742862701416016
1102,7800,0.027066707611083984
1103,7800,0.026946306228637695
1104,7800,0.027017593383789062
1105,7790,0.026776552200317383
1106,7790,0.02669239044189453
1107,7790,0.02674269676208496
1108,7790,0.026684284210205078
1109,7790,0.027269840240478516
1110,7780,0.026798009872436523
1111,7780,0.02683401107788086
1112,7780,0.026820659637451172
1113,7780,0.02675032615661621
1114,7780,0.026830434799194336
1115,7770,0.026572704315185547
1116,7770,0.027403593063354492
1117,7770,0.02688741683959961
1118,7770,0.026911258697509766
1119,7770,0.026869535446166992
1120,7760,0.026748180389404297
1121,7760,0.026851415634155273
1122,7760,0.026848316192626953
1123,7760,0.027123451232910156
1124,7760,0.0278165340423584
1125,7750,0.027173280715942383
1126,7750,0.027103662490844727
1127,7750,0.026699542999267578
1128,7750,0.02672600746154785
1129,7750,0.026636123657226562
1130,7740,0.0266573429107666
1131,7740,0.02692127227783203
1132,7740,0.026709318161010742
1133,7740,0.026857852935791016
1134,7740,0.0266571044921875
1135,7730,0.02682781219482422
1136,7730,0.026594161987304688
1137,7730,0.02666616439819336
1138,7730,0.02677440643310547
1139,7730,0.026649951934814453
1140,7720,0.02662968635559082
1141,7720,0.02661728858947754
1142,7720,0.026737451553344727
1143,7720,0.026570558547973633
1144,7720,0.026610136032104492
1145,7710,0.026654720306396484
1146,7710,0.026909351348876953
1147,7710,0.026561260223388672
1148,7710,0.02662515640258789
1149,7710,0.026584148406982422
1150,7700,0.02663898468017578
1151,7700,0.026453256607055664
1152,7700,0.02655482292175293
1153,7700,0.026516437530517578
1154,7700,0.02677130699157715
1155,7690,0.02642536163330078
1156,7690,0.026790380477905273
1157,7690,0.02642536163330078
1158,7690,0.026480913162231445
1159,7690,0.026596784591674805
1160,7680,0.026513099670410156
1161,7680,0.0267484188079834
1162,7680,0.02648186683654785
1163,7680,0.02646780014038086
1164,7680,0.02641606330871582
1165,7670,0.026362895965576172
1166,7670,0.026436328887939453
1167,7670,0.02636408805847168
1168,7670,0.02640509605407715
1169,7670,0.026787996292114258
1170,7660,0.026442766189575195
1171,7660,0.026299238204956055
1172,7660,0.026396751403808594
1173,7660,0.026457786560058594
1174,7660,0.026401996612548828
1175,7650,0.026282548904418945
1176,7650,0.026783466339111328
1177,7650,0.026314496994018555
1178,7650,0.026329517364501953
1179,7650,0.02632927894592285
1180,7640,0.026321887969970703
1181,7640,0.02622699737548828
1182,7640,0.02633833885192871
1183,7640,0.02635359764099121
1184,7640,0.025979995727539062
1185,7630,0.026023387908935547
1186,7630,0.026146650314331055
1187,7630,0.026117801666259766
1188,7630,0.026309490203857422
1189,7630,0.02626776695251465
1190,7620,0.0262908935546875
1191,7620,0.02628302574157715
1192,7620,0.026480436325073242
1193,7620,0.02618098258972168
1194,7620,0.02622222900390625
1195,7610,0.0261383056640625
1196,7610,0.026215553283691406
1197,7610,0.02613377571105957
1198,7610,0.026201725006103516
1199,7610,0.0266416072845459
1200,7600,0.02626204490661621
1201,7600,0.026107072830200195
1202,7600,0.02621936798095703
1203,7600,0.0261690616607666
1204,7600,0.026059389114379883
1205,7590,0.026062726974487305
1206,7590,0.026109695434570312
1207,7590,0.026610136032104492
1208,7590,0.026163578033447266
1209,7590,0.026129722595214844
1210,7580,0.026762962341308594
1211,7580,0.026198863983154297
1212,7580,0.026134490966796875
1213,7580,0.02607250213623047
1214,7580,0.026138782501220703
1215,7570,0.026157617568969727
1216,7570,0.026040315628051758
1217,7570,0.025990009307861328
1218,7570,0.025914430618286133
1219,7570,0.02592611312866211
1220,7560,0.02608966827392578
1221,7560,0.026044368743896484
1222,7560,0.026353120803833008
1223,7560,0.02602553367614746
1224,7560,0.025944232940673828
1225,7550,0.025913000106811523
1226,7550,0.025964975357055664
1227,7550,0.02603292465209961
1228,7550,0.026246309280395508
1229,7550,0.025906801223754883
1230,7540,0.026227474212646484
1231,7540,0.025827407836914062
1232,7540,0.0259552001953125
1233,7540,0.025879621505737305
1234,7540,0.025875091552734375
1235,7530,0.025801658630371094
1236,7530,0.025940895080566406
1237,7530,0.026087045669555664
1238,7530,0.02607417106628418
1239,7530,0.02577662467956543
1240,7520,0.025847911834716797
1241,7520,0.025731325149536133
1242,7520,0.02580404281616211
1243,7520,0.02569437026977539
1244,7520,0.0257875919342041
1245,7510,0.026098251342773438
1246,7510,0.02579784393310547
1247,7510,0.025722503662109375
1248,7510,0.025777578353881836
1249,7510,0.025432586669921875
1250,7500,0.0257415771484375
1251,7500,0.025707244873046875
1252,7500,0.025845050811767578
1253,7500,0.026183366775512695
1254,7500,0.026265382766723633
1255,7490,0.02564072608947754
1256,7490,0.025667190551757812
1257,7490,0.025673627853393555
1258,7490,0.025645732879638672
1259,7490,0.025809526443481445
1260,7480,0.025707483291625977
1261,7480,0.02585434913635254
1262,7480,0.02572464942932129
1263,7480,0.025588274002075195
1264,7480,0.025632381439208984
1265,7470,0.025722265243530273
1266,7470,0.025680065155029297
1267,7470,0.025654315948486328
1268,7470,0.02571702003479004
1269,7470,0.026039600372314453
1270,7460,0.02551412582397461
1271,7460,0.02570509910583496
1272,7460,0.025749683380126953
1273,7460,0.025611162185668945
1274,7460,0.02558732032775879
1275,7450,0.02551102638244629
1276,7450,0.025983810424804688
1277,7450,0.025787353515625
1278,7450,0.025699615478515625
1279,7450,0.025510549545288086
1280,7440,0.02535080909729004
1281,7440,0.025594711303710938
1282,7440,0.025504112243652344
1283,7440,0.025478601455688477
1284,7440,0.026031017303466797
1285,7430,0.025655746459960938
1286,7430,0.025522947311401367
1287,7430,0.025405168533325195
1288,7430,0.025683879852294922
1289,7430,0.02553391456604004
1290,7420,0.02542734146118164
1291,7420,0.02536463737487793
1292,7420,0.02544713020324707
1293,7420,0.025255203247070312
1294,7420,0.02536153793334961
1295,7410,0.025331974029541016
1296,7410,0.025122642517089844
1297,7410,0.02512335777282715
1298,7410,0.02493596076965332
1299,7410,0.02509903907775879
1300,7400,0.025961637496948242
1301,7400,0.025228023529052734
1302,7400,0.025269031524658203
1303,7400,0.024863243103027344
1304,7400,0.02547144889831543
1305,7390,0.02530980110168457
1306,7390,0.025199174880981445
1307,7390,0.02527618408203125
1308,7390,0.025607824325561523
1309,7390,0.02504563331604004
1310,7380,0.025216102600097656
1311,7380,0.024997234344482422
1312,7380,0.0250546932220459
1313,7380,0.02555537223815918
1314,7380,0.025233983993530273
1315,7370,0.025180816650390625
1316,7370,0.025846481323242188
1317,7370,0.02530360221862793
1318,7370,0.025173187255859375
1319,7370,0.02523493766784668
1320,7360,0.025028228759765625
1321,7360,0.025146484375
1322,7360,0.025173425674438477
1323,7360,0.02513599395751953
1324,7360,0.025522947311401367
1325,7350,0.025130748748779297
1326,7350,0.0245211124420166
1327,7350,0.02490401268005371
1328,7350,0.025228500366210938
1329,7350,0.02505040168762207
1330,7340,0.02500128746032715
1331,7340,0.02500319480895996
1332,7340,0.025694847106933594
1333,7340,0.024911165237426758
1334,7340,0.025037288665771484
1335,7330,0.025072336196899414
1336,7330,0.024942874908447266
1337,7330,0.024983644485473633
1338,7330,0.02501225471496582
1339,7330,0.025005340576171875
1340,7320,0.02492499351501465
1341,7320,0.024492740631103516
1342,7320,0.02478814125061035
1343,7320,0.024832487106323242
1344,7320,0.02482461929321289
1345,7310,0.02485966682434082
1346,7310,0.024756669998168945
1347,7310,0.02453017234802246
1348,7310,0.0256044864654541
1349,7310,0.02480173110961914
1350,7300,0.02484440803527832
1351,7300,0.024768352508544922
1352,7300,0.024857759475708008
1353,7300,0.024910688400268555
1354,7300,0.024955272674560547
1355,7290,0.02506113052368164
1356,7290,0.02496170997619629
1357,7290,0.02443408966064453
1358,7290,0.024826526641845703
1359,7290,0.024932861328125
1360,7280,0.024641036987304688
1361,7280,0.024541139602661133
1362,7280,0.02442479133605957
1363,7280,0.02453780174255371
1364,7280,0.025417327880859375
1365,7270,0.02480602264404297
1366,7270,0.024665117263793945
1367,7270,0.02434062957763672
1368,7270,0.024991750717163086
1369,7270,0.024783849716186523
1370,7260,0.024649381637573242
1371,7260,0.02471160888671875
1372,7260,0.02438831329345703
1373,7260,0.024397611618041992
1374,7260,0.02462148666381836
1375,7250,0.0247342586517334
1376,7250,0.024431943893432617
1377,7250,0.024170637130737305
1378,7250,0.02474188804626465
1379,7250,0.024553775787353516
1380,7240,0.02561807632446289
1381,7240,0.02472090721130371
1382,7240,0.024318695068359375
1383,7240,0.024349212646484375
1384,7240,0.02469038963317871
1385,7230,0.02462458610534668
1386,7230,0.024747848510742188
1387,7230,0.0245206356048584
1388,7230,0.024892807006835938
1389,7230,0.0246126651763916
1390,7220,0.024947166442871094
1391,7220,0.024326324462890625
1392,7220,0.024216413497924805
1393,7220,0.024477005004882812
1394,7220,0.02462458610534668
1395,7210,0.024616479873657227
1396,7210,0.02496051788330078
1397,7210,0.024952411651611328
1398,7210,0.024068117141723633
1399,7210,0.02443218231201172
1400,7200,0.02440810203552246
1401,7200,0.024447202682495117
1402,7200,0.024485349655151367
1403,7200,0.02456521987915039
1404,7200,0.024472713470458984
1405,7190,0.024756669998168945
1406,7190,0.02460789680480957
1407,7190,0.024293899536132812
1408,7190,0.02432847023010254
1409,7190,0.024646520614624023
1410,7180,0.024476051330566406
1411,7180,0.024310588836669922
1412,7180,0.024374008178710938
1413,7180,0.025057554244995117
1414,7180,0.024225473403930664
1415,7170,0.024383544921875
1416,7170,0.0243682861328125
1417,7170,0.02428913116455078
1418,7170,0.02434682846069336
1419,7170,0.024566173553466797
1420,7160,0.024318933486938477
1421,7160,0.02445197105407715
1422,7160,0.024238109588623047
1423,7160,0.02425670623779297
1424,7160,0.024200916290283203
1425,7150,0.024358272552490234
1426,7150,0.02425861358642578
1427,7150,0.024277210235595703
1428,7150,0.02435445785522461
1429,7150,0.034432411193847656
1430,7140,0.03328728675842285
1431,7140,0.024451255798339844
1432,7140,0.02525925636291504
1433,7140,0.024265289306640625
1434,7140,0.024315595626831055
1435,7130,0.024227380752563477
1436,7130,0.02446126937866211
1437,7130,0.024213552474975586
1438,7130,0.024178743362426758
1439,7130,0.024239540100097656
1440,7120,0.023838043212890625
1441,7120,0.023967504501342773
1442,7120,0.024124860763549805
1443,7120,0.024088382720947266
1444,7120,0.023769617080688477
1445,7110,0.024861812591552734
1446,7110,0.02421879768371582
1447,7110,0.02405071258544922
1448,7110,0.024077177047729492
1449,7110,0.02417922019958496
1450,7100,0.024242877960205078
1451,7100,0.0241091251373291
1452,7100,0.02405524253845215
1453,7100,0.024487018585205078
1454,7100,0.023748159408569336
1455,7090,0.024016380310058594
1456,7090,0.024022817611694336
1457,7090,0.024088144302368164
1458,7090,0.023601055145263672
1459,7090,0.023851394653320312
1460,7080,0.023942232131958008
1461,7080,0.02391362190246582
1462,7080,0.024847030639648438
1463,7080,0.023659229278564453
1464,7080,0.023868083953857422
1465,7070,0.023853063583374023
1466,7070,0.024000883102416992
1467,7070,0.023998737335205078
1468,7070,0.02393198013305664
1469,7070,0.02403879165649414
1470,7060,0.024347305297851562
1471,7060,0.023902416229248047
1472,7060,0.023960351943969727
1473,7060,0.023796558380126953
1474,7060,0.024042367935180664
1475,7050,0.023880958557128906
1476,7050,0.023922204971313477
1477,7050,0.02398824691772461
1478,7050,0.024578571319580078
1479,7050,0.02394700050354004
1480,7040,0.023846149444580078
1481,7040,0.023415803909301758
1482,7040,0.023960113525390625
1483,7040,0.02381300926208496
1484,7040,0.02385687828063965
1485,7030,0.02383255958557129
1486,7030,0.02379608154296875
1487,7030,0.024090290069580078
1488,7030,0.024143457412719727
1489,7030,0.023708343505859375
1490,7020,0.023430585861206055
1491,7020,0.023929357528686523
1492,7020,0.02376723289489746
1493,7020,0.023888587951660156
1494,7020,0.023773908615112305
1495,7010,0.02411055564880371
1496,7010,0.023731470108032227
1497,7010,0.023818016052246094
1498,7010,0.023662805557250977
1499,7010,0.023585796356201172
1500,7000,0.023779869079589844
1501,7000,0.023683547973632812
1502,7000,0.023779630661010742
1503,7000,0.0235898494720459
1504,7000,0.023574352264404297
1505,6990,0.02357649803161621
1506,6990,0.02369213104248047
1507,6990,0.02342844009399414
1508,6990,0.02356863021850586
1509,6990,0.023928165435791016
1510,6980,0.023627519607543945
1511,6980,0.02351689338684082
1512,6980,0.024089336395263672
1513,6980,0.023677587509155273
1514,6980,0.024063587188720703
1515,6970,0.023549556732177734
1516,6970,0.023602008819580078
1517,6970,0.023612499237060547
1518,6970,0.02368927001953125
1519,6970,0.02373814582824707
1520,6960,0.023897171020507812
1521,6960,0.023831844329833984
1522,6960,0.02355790138244629
1523,6960,0.02353692054748535
1524,6960,0.023312807083129883
1525,6950,0.023470163345336914
1526,6950,0.023699522018432617
1527,6950,0.02361893653869629
1528,6950,0.023559093475341797
1529,6950,0.023794174194335938
1530,6940,0.023624658584594727
1531,6940,0.023426294326782227
1532,6940,0.023427486419677734
1533,6940,0.02347111701965332
1534,6940,0.023493051528930664
1535,6930,0.023463726043701172
1536,6930,0.02351522445678711
1537,6930,0.023587465286254883
1538,6930,0.02349686622619629
1539,6930,0.023407697677612305
1540,6920,0.023466825485229492
1541,6920,0.02320384979248047
1542,6920,0.02334880828857422
1543,6920,0.023341894149780273
1544,6920,0.023478031158447266
1545,6910,0.023339033126831055
1546,6910,0.023640155792236328
1547,6910,0.02328658103942871
1548,6910,0.023473739624023438
1549,6910,0.023249387741088867
1550,6900,0.023294448852539062
1551,6900,0.023407936096191406
1552,6900,0.023415803909301758
1553,6900,0.023659229278564453
1554,6900,0.02332282066345215
1555,6890,0.02336430549621582
1556,6890,0.023514270782470703
1557,6890,0.023349761962890625
1558,6890,0.02333998680114746
1559,6890,0.023291826248168945
1560,6880,0.02332472801208496
1561,6880,0.02332758903503418
1562,6880,0.023255109786987305
1563,6880,0.02355027198791504
1564,6880,0.023380756378173828
1565,6870,0.023227691650390625
1566,6870,0.02330303192138672
1567,6870,0.023173809051513672
1568,6870,0.023121356964111328
1569,6870,0.02330183982849121
1570,6860,0.023172616958618164
1571,6860,0.023227691650390625
1572,6860,0.023389577865600586
1573,6860,0.023288249969482422
1574,6860,0.023219585418701172
1575,6850,0.02273726463317871
1576,6850,0.02343893051147461
1577,6850,0.023229122161865234
1578,6850,0.023054838180541992
1579,6850,0.02303457260131836
1580,6840,0.023027658462524414
1581,6840,0.0234682559967041
1582,6840,0.023113012313842773
1583,6840,0.022829532623291016
1584,6840,0.023145675659179688
1585,6830,0.023032188415527344
1586,6830,0.023082256317138672
1587,6830,0.023180723190307617
1588,6830,0.022984027862548828
1589,6830,0.023334026336669922
1590,6820,0.02304244041442871
1591,6820,0.02283310890197754
1592,6820,0.022679567337036133
1593,6820,0.02328658103942871
1594,6820,0.02312636375427246
1595,6810,0.023066997528076172
1596,6810,0.0229184627532959
1597,6810,0.02311229705810547
1598,6810,0.023433208465576172
1599,6810,0.022900104522705078
1600,6800,0.02302861213684082
1601,6800,0.022914648056030273
1602,6800,0.02300715446472168
1603,6800,0.022916078567504883
1604,6800,0.0229794979095459
1605,6790,0.023048877716064453
1606,6790,0.022999048233032227
1607,6790,0.02289581298828125
1608,6790,0.022921323776245117
1609,6790,0.0228426456451416
1610,6780,0.022933244705200195
1611,6780,0.02239704132080078
1612,6780,0.0229189395904541
1613,6780,0.02292656898498535
1614,6780,0.022742509841918945
1615,6770,0.023181915283203125
1616,6770,0.02303767204284668
1617,6770,0.022772550582885742
1618,6770,0.02352166175842285
1619,6770,0.02304863929748535
1620,6760,0.022879600524902344
1621,6760,0.022975683212280273
1622,6760,0.022723913192749023
1623,6760,0.022733211517333984
1624,6760,0.022898435592651367
1625,6750,0.0228424072265625
1626,6750,0.022722721099853516
1627,6750,0.02232503890991211
1628,6750,0.022923707962036133
1629,6750,0.022688627243041992
1630,6740,0.022686243057250977
1631,6740,0.022709131240844727
1632,6740,0.022583723068237305
1633,6740,0.022900104522705078
1634,6740,0.022854328155517578
1635,6730,0.022308826446533203
1636,6730,0.022446632385253906
1637,6730,0.02271127700805664
1638,6730,0.02269887924194336
1639,6730,0.022780179977416992
1640,6720,0.022629976272583008
1641,6720,0.022678136825561523
1642,6720,0.0225832462310791
1643,6720,0.022515535354614258
1644,6720,0.022763729095458984
1645,6710,0.02253580093383789
1646,6710,0.022535085678100586
1647,6710,0.022597074508666992
1648,6710,0.022653818130493164
1649,6710,0.02449965476989746
1650,6700,0.03189396858215332
1651,6700,0.027544260025024414
1652,6700,0.0226900577545166
1653,6700,0.022825002670288086
1654,6700,0.02300715446472168
1655,6690,0.0229489803314209
1656,6690,0.02292156219482422
1657,6690,0.022947311401367188
1658,6690,0.022802352905273438
1659,6690,0.022868633270263672
1660,6680,0.022533893585205078
1661,6680,0.02263808250427246
1662,6680,0.022616147994995117
1663,6680,0.02236175537109375
1664,6680,0.022483110427856445
1665,6670,0.022405385971069336
1666,6670,0.02237844467163086
1667,6670,0.022028446197509766
1668,6670,0.02298569679260254
1669,6670,0.022438764572143555
1670,6660,0.02228546142578125
1671,6660,0.022064685821533203
1672,6660,0.022405385971069336
1673,6660,0.02232193946838379
1674,6660,0.022268056869506836
1675,6650,0.022345542907714844
1676,6650,0.022352933883666992
1677,6650,0.02281975746154785
1678,6650,0.02199840545654297
1679,6650,0.022253751754760742
1680,6640,0.0224759578704834
1681,6640,0.022244930267333984
1682,6640,0.022292137145996094
1683,6640,0.022290706634521484
1684,6640,0.022405624389648438
1685,6630,0.022545576095581055
1686,6630,0.022403240203857422
1687,6630,0.0223386287689209
1688,6630,0.022380828857421875
1689,6630,0.022017717361450195
1690,6620,0.022737741470336914
1691,6620,0.02235126495361328
1692,6620,0.022907733917236328
1693,6620,0.022401094436645508
1694,6620,0.022461891174316406
1695,6610,0.022624492645263672
1696,6610,0.0223538875579834
1697,6610,0.022153615951538086
1698,6610,0.02218461036682129
1699,6610,0.022177696228027344
1700,6600,0.022272109985351562
1701,6600,0.0220186710357666
1702,6600,0.0222170352935791
1703,6600,0.022470712661743164
1704,6600,0.02237987518310547
1705,6590,0.021908283233642578
1706,6590,0.022103309631347656
1707,6590,0.02229928970336914
1708,6590,0.022105693817138672
1709,6590,0.022253036499023438
1710,6580,0.02202320098876953
1711,6580,0.022017955780029297
1712,6580,0.022044658660888672
1713,6580,0.022415876388549805
1714,6580,0.022094011306762695
1715,6570,0.022125959396362305
1716,6570,0.02207779884338379
1717,6570,0.022054672241210938
1718,6570,0.0219876766204834
1719,6570,0.0220184326171875
1720,6560,0.02204751968383789
1721,6560,0.02189159393310547
1722,6560,0.022411346435546875
1723,6560,0.021819114685058594
1724,6560,0.021962404251098633
1725,6550,0.02192974090576172
1726,6550,0.021907567977905273
1727,6550,0.021924495697021484
1728,6550,0.022035598754882812
1729,6550,0.021886348724365234
1730,6540,0.021886110305786133
1731,6540,0.02211928367614746
1732,6540,0.02190852165222168
1733,6540,0.02200603485107422
1734,6540,0.02192234992980957
1735,6530,0.021952152252197266
1736,6530,0.0221555233001709
1737,6530,0.02198624610900879
1738,6530,0.02193593978881836
1739,6530,0.02182912826538086
1740,6520,0.022547245025634766
1741,6520,0.02205657958984375
1742,6520,0.021817445755004883
1743,6520,0.021750450134277344
1744,6520,0.02191448211669922
1745,6510,0.021758079528808594
1746,6510,0.02169346809387207
1747,6510,0.021776437759399414
1748,6510,0.02170872688293457
1749,6510,0.022029876708984375
1750,6500,0.0214993953704834
1751,6500,0.021754980087280273
1752,6500,0.021636962890625
1753,6500,0.021660804748535156
1754,6500,0.021712064743041992
1755,6490,0.021707534790039062
1756,6490,0.02169346809387207
1757,6490,0.021543264389038086
1758,6490,0.022231578826904297
1759,6490,0.021728992462158203
1760,6480,0.021381378173828125
1761,6480,0.02159261703491211
1762,6480,0.02170872688293457
1763,6480,0.021676063537597656
1764,6480,0.021637678146362305
1765,6470,0.021728992462158203
1766,6470,0.021724939346313477
1767,6470,0.021537065505981445
1768,6470,0.021764755249023438
1769,6470,0.021780729293823242
1770,6460,0.021542787551879883
1771,6460,0.021764039993286133
1772,6460,0.021581649780273438
1773,6460,0.021645069122314453
1774,6460,0.02154231071472168
1775,6450,0.0216977596282959
1776,6450,0.021449565887451172
1777,6450,0.021970510482788086
1778,6450,0.021421432495117188
1779,6450,0.021576642990112305
1780,6440,0.02154374122619629
1781,6440,0.0215301513671875
1782,6440,0.021628856658935547
1783,6440,0.021603107452392578
1784,6440,0.02162313461303711
1785,6430,0.021496295928955078
1786,6430,0.021659135818481445
1787,6430,0.021515607833862305
1788,6430,0.021552324295043945
1789,6430,0.021507978439331055
1790,6420,0.02144908905029297
1791,6420,0.0214536190032959
1792,6420,0.02149367332458496
1793,6420,0.02140355110168457
1794,6420,0.02142620086669922
1795,6410,0.021976947784423828
1796,6410,0.021631717681884766
1797,6410,0.0211031436920166
1798,6410,0.021199941635131836
1799,6410,0.021470069885253906
1800,6400,0.021390438079833984
1801,6400,0.02127838134765625
1802,6400,0.02167201042175293
1803,6400,0.021360397338867188
1804,6400,0.021326065063476562
1805,6390,0.02160787582397461
1806,6390,0.021379947662353516
1807,6390,0.021294832229614258
1808,6390,0.021341800689697266
1809,6390,0.021306753158569336
1810,6380,0.021241188049316406
1811,6380,0.021235942840576172
1812,6380,0.021286725997924805
1813,6380,0.02132582664489746
1814,6380,0.021624088287353516
1815,6370,0.02130293846130371
1816,6370,0.02127838134765625
1817,6370,0.020936250686645508
1818,6370,0.021468162536621094
1819,6370,0.021227121353149414
1820,6360,0.021275997161865234
1821,6360,0.021181821823120117
1822,6360,0.021283388137817383
1823,6360,0.02130866050720215
1824,6360,0.021460533142089844
1825,6350,0.0212554931640625
1826,6350,0.021305561065673828
1827,6350,0.02113652229309082
1828,6350,0.021162986755371094
1829,6350,0.021186351776123047
1830,6340,0.02109503746032715
1831,6340,0.02119612693786621
1832,6340,0.02122044563293457
1833,6340,0.021464824676513672
1834,6340,0.021205902099609375
1835,6330,0.021182775497436523
1836,6330,0.021144866943359375
1837,6330,0.02101445198059082
1838,6330,0.02104663848876953
1839,6330,0.02116680145263672
1840,6320,0.021067142486572266
1841,6320,0.02094125747680664
1842,6320,0.021146297454833984
1843,6320,0.0212860107421875
1844,6320,0.021044015884399414
1845,6310,0.021053552627563477
1846,6310,0.021070241928100586
1847,6310,0.02105426788330078
1848,6310,0.02109217643737793
1849,6310,0.020951032638549805
1850,6300,0.02090740203857422
1851,6300,0.02103447914123535
1852,6300,0.021427154541015625
1853,6300,0.0209808349609375
1854,6300,0.021042823791503906
1855,6290,0.020783662796020508
1856,6290,0.020879507064819336
1857,6290,0.02092909812927246
1858,6290,0.021089553833007812
1859,6290,0.02102351188659668
1860,6280,0.020944595336914062
1861,6280,0.02095961570739746
1862,6280,0.021289348602294922
1863,6280,0.020959854125976562
1864,6280,0.020882844924926758
1865,6270,0.020794391632080078
1866,6270,0.02091360092163086
1867,6270,0.020923852920532227
1868,6270,0.020812511444091797
1869,6270,0.020876646041870117
1870,6260,0.02095341682434082
1871,6260,0.021262645721435547
1872,6260,0.020973682403564453
1873,6260,0.021026611328125
1874,6260,0.020526409149169922
1875,6250,0.02070784568786621
1876,6250,0.0208127498626709
1877,6250,0.020798206329345703
1878,6250,0.020910263061523438
1879,6250,0.020940542221069336
1880,6240,0.02069854736328125
1881,6240,0.020890235900878906
1882,6240,0.021077871322631836
1883,6240,0.020869731903076172
1884,6240,0.020671367645263672
1885,6230,0.020761728286743164
1886,6230,0.020655393600463867
1887,6230,0.020615339279174805
1888,6230,0.020690441131591797
1889,6230,0.020792007446289062
1890,6220,0.021100759506225586
1891,6220,0.020802974700927734
1892,6220,0.02075481414794922
1893,6220,0.02024984359741211
1894,6220,0.020747661590576172
1895,6210,0.020579814910888672
1896,6210,0.020544767379760742
1897,6210,0.020696640014648438
1898,6210,0.02060389518737793
1899,6210,0.02019667625427246
1900,6200,0.020902156829833984
1901,6200,0.02079939842224121
1902,6200,0.020258188247680664
1903,6200,0.020610570907592773
1904,6200,0.02053666114807129
1905,6190,0.02044057846069336
1906,6190,0.020527362823486328
1907,6190,0.020519495010375977
1908,6190,0.020526409149169922
1909,6190,0.02047133445739746
1910,6180,0.021600961685180664
1911,6180,0.02041029930114746
1912,6180,0.020482540130615234
1913,6180,0.020515918731689453
1914,6180,0.02047133445739746
1915,6170,0.02056574821472168
1916,6170,0.02034735679626465
1917,6170,0.020361900329589844
1918,6170,0.020519733428955078
1919,6170,0.020580768585205078
1920,6160,0.020635366439819336
1921,6160,0.020539045333862305
1922,6160,0.020374059677124023
1923,6160,0.020316600799560547
1924,6160,0.020477294921875
1925,6150,0.020413637161254883
1926,6150,0.02025628089904785
1927,6150,0.020530223846435547
1928,6150,0.020677804946899414
1929,6150,0.02056145668029785
1930,6140,0.020390987396240234
1931,6140,0.02034449577331543
1932,6140,0.020009994506835938
1933,6140,0.020391464233398438
1934,6140,0.020219802856445312
1935,6130,0.020200252532958984
1936,6130,0.020303010940551758
1937,6130,0.020359277725219727
1938,6130,0.020079851150512695
1939,6130,0.020780324935913086
1940,6120,0.020365476608276367
1941,6120,0.020009517669677734
1942,6120,0.02011728286743164
1943,6120,0.020244598388671875
1944,6120,0.020189285278320312
1945,6110,0.020218849182128906
1946,6110,0.0202789306640625
1947,6110,0.020166397094726562
1948,6110,0.020499706268310547
1949,6110,0.020427703857421875
1950,6100,0.020176172256469727
1951,6100,0.020182132720947266
1952,6100,0.020047664642333984
1953,6100,0.02015233039855957
1954,6100,0.020119667053222656
1955,6090,0.020107030868530273
1956,6090,0.020204782485961914
1957,6090,0.020099639892578125
1958,6090,0.019681692123413086
1959,6090,0.020259380340576172
1960,6080,0.02017664909362793
1961,6080,0.019771337509155273
1962,6080,0.02007460594177246
1963,6080,0.020249128341674805
1964,6080,0.020001649856567383
1965,6070,0.019926071166992188
1966,6070,0.020041465759277344
1967,6070,0.019721269607543945
1968,6070,0.02010321617126465
1969,6070,0.020270347595214844
1970,6060,0.019887685775756836
1971,6060,0.020107746124267578
1972,6060,0.019719362258911133
1973,6060,0.020145416259765625
1974,6060,0.020110130310058594
1975,6050,0.02000904083251953
1976,6050,0.020137548446655273
1977,6050,0.02042412757873535
1978,6050,0.020203351974487305
1979,6050,0.02029895782470703
1980,6040,0.02003335952758789
1981,6040,0.019952774047851562
1982,6040,0.019975900650024414
1983,6040,0.020007848739624023
1984,6040,0.019848108291625977
1985,6030,0.019976377487182617
1986,6030,0.019920825958251953
1987,6030,0.019820690155029297
1988,6030,0.020015239715576172
1989,6030,0.02058267593383789
1990,6020,0.01974940299987793
1991,6020,0.019961833953857422
1992,6020,0.01958608627319336
1993,6020,0.01993584632873535
1994,6020,0.019869089126586914
1995,6010,0.01983356475830078
1996,6010,0.01989603042602539
1997,6010,0.019852399826049805
1998,6010,0.019590139389038086
1999,6010,0.020129919052124023
2000,6000,0.020064353942871094
2001,6000,0.019502878189086914
2002,6000,0.019869565963745117
2003,6000,0.01983952522277832
2004,6000,0.019744873046875
2005,5990,0.019724130630493164
2006,5990,0.01972675323486328
2007,5990,0.019774675369262695
2008,5990,0.019932985305786133
2009,5990,0.020085811614990234
2010,5980,0.019711017608642578
2011,5980,0.019788742065429688
2012,5980,0.019437789916992188
2013,5980,0.019893407821655273
2014,5980,0.019740819931030273
2015,5970,0.019656658172607422
2016,5970,0.019672155380249023
2017,5970,0.019699811935424805
2018,5970,0.019309282302856445
2019,5970,0.019925832748413086
2020,5960,0.01964092254638672
2021,5960,0.0194091796875
2022,5960,0.019692420959472656
2023,5960,0.019690513610839844
2024,5960,0.01953887939453125
2025,5950,0.019591093063354492
2026,5950,0.01931309700012207
2027,5950,0.01948857307434082
2028,5950,0.019620418548583984
2029,5950,0.01944756507873535
2030,5940,0.019824504852294922
2031,5940,0.019670724868774414
2032,5940,0.019309520721435547
2033,5940,0.019611835479736328
2034,5940,0.019506454467773438
2035,5930,0.019589900970458984
2036,5930,0.019468307495117188
2037,5930,0.0194549560546875
2038,5930,0.01944565773010254
2039,5930,0.019549846649169922
2040,5920,0.019588232040405273
2041,5920,0.01963329315185547
2042,5920,0.019478321075439453
2043,5920,0.019429922103881836
2044,5920,0.01953744888305664
2045,5910,0.019440174102783203
2046,5910,0.019477367401123047
2047,5910,0.019495487213134766
2048,5910,0.019384384155273438
2049,5910,0.01936054229736328
2050,5900,0.019762754440307617
2051,5900,0.019402742385864258
2052,5900,0.01940464973449707
2053,5900,0.019376039505004883
2054,5900,0.019511699676513672
2055,5890,0.019437551498413086
2056,5890,0.019352436065673828
2057,5890,0.01948070526123047
2058,5890,0.01940178871154785
2059,5890,0.019222021102905273
2060,5880,0.019639015197753906
2061,5880,0.019385099411010742
2062,5880,0.018988847732543945
2063,5880,0.019290447235107422
2064,5880,0.019191980361938477
2065,5870,0.019211769104003906
2066,5870,0.01958441734313965
2067,5870,0.018992185592651367
2068,5870,0.019197463989257812
2069,5870,0.019355058670043945
2070,5860,0.018902301788330078
2071,5860,0.019632816314697266
2072,5860,0.01962900161743164
2073,5860,0.019412994384765625
2074,5860,0.0193784236907959
2075,5850,0.019254207611083984
2076,5850,0.019255399703979492
2077,5850,0.019346952438354492
2078,5850,0.019283771514892578
2079,5850,0.019420862197875977
2080,5840,0.01928567886352539
2081,5840,0.01933884620666504
2082,5840,0.01922774314880371
2083,5840,0.019203901290893555
2084,5840,0.019289731979370117
2085,5830,0.019235849380493164
2086,5830,0.01909351348876953
2087,5830,0.019130706787109375
2088,5830,0.019221782684326172
2089,5830,0.019095182418823242
2090,5820,0.019295930862426758
2091,5820,0.018966197967529297
2092,5820,0.019620895385742188
2093,5820,0.01920032501220703
2094,5820,0.018850088119506836
2095,5810,0.02007579803466797
2096,5810,0.01946878433227539
2097,5810,0.01944732666015625
2098,5810,0.019447803497314453
2099,5810,0.019451141357421875
2100,5800,0.01925206184387207
2101,5800,0.01907801628112793
2102,5800,0.019180774688720703
2103,5800,0.01923823356628418
2104,5800,0.01915597915649414
2105,5790,0.01895618438720703
2106,5790,0.01904129981994629
2107,5790,0.019006729125976562
2108,5790,0.019049406051635742
2109,5790,0.019014835357666016
2110,5780,0.018942594528198242
2111,5780,0.018900156021118164
2112,5780,0.019170284271240234
2113,5780,0.018961191177368164
2114,5780,0.018947839736938477
2115,5770,0.018659353256225586
2116,5770,0.01917290687561035
2117,5770,0.019019365310668945
2118,5770,0.018894433975219727
2119,5770,0.019011974334716797
2120,5760,0.01887059211730957
2121,5760,0.01884770393371582
2122,5760,0.01898336410522461
2123,5760,0.018722057342529297
2124,5760,0.01903510093688965
2125,5750,0.019067764282226562
2126,5750,0.018758296966552734
2127,5750,0.019007205963134766
2128,5750,0.01879429817199707
2129,5750,0.01888871192932129
2130,5740,0.018824338912963867
2131,5740,0.01876378059387207
2132,5740,0.018984556198120117
2133,5740,0.018637418746948242
2134,5740,0.01946258544921875
2135,5730,0.01888132095336914
2136,5730,0.018523693084716797
2137,5730,0.018970966339111328
2138,5730,0.0187070369720459
2139,5730,0.018757104873657227
2140,5720,0.018764972686767578
2141,5720,0.018674850463867188
2142,5720,0.01870584487915039
2143,5720,0.018867015838623047
2144,5720,0.01876091957092285
2145,5710,0.018792390823364258
2146,5710,0.018538236618041992
2147,5710,0.01853156089782715
2148,5710,0.01861858367919922
2149,5710,0.018638134002685547
2150,5700,0.018657922744750977
2151,5700,0.018576383590698242
2152,5700,0.01868891716003418
2153,5700,0.0186917781829834
2154,5700,0.018300533294677734
2155,5690,0.01927328109741211
2156,5690,0.018409252166748047
2157,5690,0.018664121627807617
2158,5690,0.0187530517578125
2159,5690,0.018564224243164062
2160,5680,0.018642902374267578
2161,5680,0.018532752990722656
2162,5680,0.018787622451782227
2163,5680,0.01864790916442871
2164,5680,0.018308639526367188
2165,5670,0.018462657928466797
2166,5670,0.01826620101928711
2167,5670,0.018353939056396484
2168,5670,0.018488407135009766
2169,5670,0.018169879913330078
2170,5660,0.0186004638671875
2171,5660,0.018417835235595703
2172,5660,0.018494844436645508
2173,5660,0.018439292907714844
2174,5660,0.01824355125427246
2175,5650,0.018372297286987305
2176,5650,0.01823139190673828
2177,5650,0.01912999153137207
2178,5650,0.018462419509887695
2179,5650,0.018291234970092773
2180,5640,0.0186312198638916
2181,5640,0.0184326171875
2182,5640,0.018524646759033203
2183,5640,0.018570423126220703
2184,5640,0.018532514572143555
2185,5630,0.018744707107543945
2186,5630,0.01875591278076172
2187,5630,0.018737077713012695
2188,5630,0.018773555755615234
2189,5630,0.018822908401489258
2190,5620,0.018752336502075195
2191,5620,0.018703460693359375
2192,5620,0.018720388412475586
2193,5620,0.018720626831054688
2194,5620,0.018704891204833984
2195,5610,0.01866626739501953
2196,5610,0.018724679946899414
2197,5610,0.0180206298828125
2198,5610,0.018991470336914062
2199,5610,0.018097400665283203
2200,5600,0.018262386322021484
2201,5600,0.01835322380065918
2202,5600,0.018291711807250977
2203,5600,0.018322467803955078
2204,5600,0.01828169822692871
2205,5590,0.018297433853149414
2206,5590,0.018342256546020508
2207,5590,0.018038034439086914
2208,5590,0.018373489379882812
2209,5590,0.018146514892578125
2210,5580,0.018344640731811523
2211,5580,0.018307924270629883
2212,5580,0.01796579360961914
2213,5580,0.018290042877197266
2214,5580,0.01821446418762207
2215,5570,0.018114089965820312
2216,5570,0.01824164390563965
2217,5570,0.018143177032470703
2218,5570,0.018182992935180664
2219,5570,0.018083572387695312
2220,5560,0.018685579299926758
2221,5560,0.01822662353515625
2222,5560,0.017722606658935547
2223,5560,0.018064498901367188
2224,5560,0.01819634437561035
2225,5550,0.018208980560302734
2226,5550,0.018171310424804688
2227,5550,0.018059730529785156
2228,5550,0.01804947853088379
2229,5550,0.017974853515625
2230,5540,0.01813364028930664
2231,5540,0.017894268035888672
2232,5540,0.018033981323242188
2233,5540,0.018149137496948242
2234,5540,0.01769232749938965
2235,5530,0.018094778060913086
2236,5530,0.01856541633605957
2237,5530,0.0181581974029541
2238,5530,0.018098115921020508
2239,5530,0.018075227737426758
2240,5520,0.017969131469726562
2241,5520,0.018006324768066406
2242,5520,0.01822662353515625
2243,5520,0.0182344913482666
2244,5520,0.01798868179321289
2245,5510,0.017974853515625
2246,5510,0.01787710189819336
2247,5510,0.018021106719970703
2248,5510,0.017879724502563477
2249,5510,0.01799488067626953
2250,5500,0.01787567138671875
2251,5500,0.017702341079711914
2252,5500,0.018108367919921875
2253,5500,0.01776742935180664
2254,5500,0.018093347549438477
2255,5490,0.017922639846801758
2256,5490,0.017840147018432617
2257,5490,0.017867326736450195
2258,5490,0.017843246459960938
2259,5490,0.01786017417907715
2260,5480,0.017757415771484375
2261,5480,0.017846107482910156
2262,5480,0.017975807189941406
2263,5480,0.017418861389160156
2264,5480,0.01775646209716797
2265,5470,0.0182955265045166
2266,5470,0.017854928970336914
2267,5470,0.017666339874267578
2268,5470,0.018068552017211914
2269,5470,0.01787877082824707
2270,5460,0.01772761344909668
2271,5460,0.017735958099365234
2272,5460,0.01773858070373535
2273,5460,0.01777172088623047
2274,5460,0.017703771591186523
2275,5450,0.017777681350708008
2276,5450,0.01777482032775879
2277,5450,0.017732620239257812
2278,5450,0.017821788787841797
2279,5450,0.017708778381347656
2280,5440,0.0177614688873291
2281,5440,0.01775383949279785
2282,5440,0.017676830291748047
2283,5440,0.01770496368408203
2284,5440,0.017663955688476562
2285,5430,0.01773810386657715
2286,5430,0.017633914947509766
2287,5430,0.018030405044555664
2288,5430,0.017776966094970703
2289,5430,0.017611265182495117
2290,5420,0.017624378204345703
2291,5420,0.017605304718017578
2292,5420,0.017682552337646484
2293,5420,0.017586708068847656
2294,5420,0.01763463020324707
2295,5410,0.017735004425048828
2296,5410,0.017514944076538086
2297,5410,0.017803192138671875
2298,5410,0.017211198806762695
2299,5410,0.017688512802124023
2300,5400,0.017659902572631836
2301,5400,0.017267942428588867
2302,5400,0.017653465270996094
2303,5400,0.017510175704956055
2304,5400,0.017615318298339844
2305,5390,0.017428159713745117
2306,5390,0.017454147338867188
2307,5390,0.01745009422302246
2308,5390,0.017345190048217773
2309,5390,0.017482995986938477
2310,5380,0.01805591583251953
2311,5380,0.017544031143188477
2312,5380,0.017266035079956055
2313,5380,0.017437219619750977
2314,5380,0.017508983612060547
2315,5370,0.0174405574798584
2316,5370,0.017465591430664062
2317,5370,0.017359018325805664
2318,5370,0.017403125762939453
2319,5370,0.017277002334594727
2320,5360,0.017464160919189453
2321,5360,0.01707291603088379
2322,5360,0.017363548278808594
2323,5360,0.017641782760620117
2324,5360,0.017818927764892578
2325,5350,0.017435312271118164
2326,5350,0.01728200912475586
2327,5350,0.01736617088317871
2328,5350,0.01730060577392578
2329,5350,0.01746535301208496
2330,5340,0.017261028289794922
2331,5340,0.017041444778442383
2332,5340,0.01743483543395996
2333,5340,0.017710447311401367
2334,5340,0.01739811897277832
2335,5330,0.017107725143432617
2336,5330,0.017321348190307617
2337,5330,0.017332792282104492
2338,5330,0.017261505126953125
2339,5330,0.017282962799072266
2340,5320,0.017180442810058594
2341,5320,0.017389297485351562
2342,5320,0.017241477966308594
2343,5320,0.01722860336303711
2344,5320,0.017223119735717773
2345,5310,0.017351627349853516
2346,5310,0.017399072647094727
2347,5310,0.017160892486572266
2348,5310,0.017287015914916992
2349,5310,0.017206430435180664
2350,5300,0.017218589782714844
2351,5300,0.017153263092041016
2352,5300,0.01735663414001465
2353,5300,0.017284631729125977
2354,5300,0.017126083374023438
2355,5290,0.017038345336914062
2356,5290,0.017317771911621094
2357,5290,0.017255783081054688
2358,5290,0.017145395278930664
2359,5290,0.017125844955444336
2360,5280,0.01741313934326172
2361,5280,0.017197847366333008
2362,5280,0.017099380493164062
2363,5280,0.016989946365356445
2364,5280,0.017145633697509766
2365,5270,0.01699542999267578
2366,5270,0.0171201229095459
2367,5270,0.017037391662597656
2368,5270,0.017316102981567383
2369,5270,0.017214298248291016
2370,5260,0.017002344131469727
2371,5260,0.017029523849487305
2372,5260,0.0171506404876709
2373,5260,0.017052888870239258
2374,5260,0.016951322555541992
2375,5250,0.017019033432006836
2376,5250,0.016935110092163086
2377,5250,0.016992568969726562
2378,5250,0.016903400421142578
2379,5250,0.016980409622192383
2380,5240,0.017357826232910156
2381,5240,0.017008304595947266
2382,5240,0.016960859298706055
2383,5240,0.016896486282348633
2384,5240,0.016923904418945312
2385,5230,0.016820192337036133
2386,5230,0.016910314559936523
2387,5230,0.016875267028808594
2388,5230,0.01696491241455078
2389,5230,0.016947507858276367
2390,5220,0.01645064353942871
2391,5220,0.01720428466796875
2392,5220,0.016771793365478516
2393,5220,0.017063140869140625
2394,5220,0.016678810119628906
2395,5210,0.01700901985168457
2396,5210,0.016785383224487305
2397,5210,0.016988754272460938
2398,5210,0.016739368438720703
2399,5210,0.016854047775268555
2400,5200,0.017165660858154297
2401,5200,0.01680779457092285
2402,5200,0.016814708709716797
2403,5200,0.0168764591217041
2404,5200,0.01709890365600586
2405,5190,0.01684880256652832
2406,5190,0.016840457916259766
2407,5190,0.01680731773376465
2408,5190,0.016741037368774414
2409,5190,0.0167391300201416
2410,5180,0.016691923141479492
2411,5180,0.016795635223388672
2412,5180,0.016817569732666016
2413,5180,0.016782045364379883
2414,5180,0.016633033752441406
2415,5170,0.016763687133789062
2416,5170,0.016714811325073242
2417,5170,0.01682257652282715
2418,5170,0.01663517951965332
2419,5170,0.01668691635131836
2420,5160,0.016614198684692383
2421,5160,0.01662921905517578
2422,5160,0.01662755012512207
2423,5160,0.016586780548095703
2424,5160,0.016670942306518555
2425,5150,0.0162661075592041
2426,5150,0.01674938201904297
2427,5150,0.01691603660583496
2428,5150,0.016664505004882812
2429,5150,0.016481637954711914
2430,5140,0.016421079635620117
2431,5140,0.01655268669128418
2432,5140,0.01661515235900879
2433,5140,0.016559600830078125
2434,5140,0.016584396362304688
2435,5130,0.01647353172302246
2436,5130,0.016516447067260742
2437,5130,0.016820192337036133
2438,5130,0.016162633895874023
2439,5130,0.016541481018066406
2440,5120,0.016498088836669922
2441,5120,0.016706228256225586
2442,5120,0.016249895095825195
2443,5120,0.01653003692626953
2444,5120,0.01640772819519043
2445,5110,0.016473770141601562
2446,5110,0.01637887954711914
2447,5110,0.016475915908813477
2448,5110,0.01637434959411621
2449,5110,0.01621079444885254
2450,5100,0.01641845703125
2451,5100,0.016070127487182617
2452,5100,0.016778230667114258
2453,5100,0.016366004943847656
2454,5100,0.01650524139404297
2455,5090,0.01625370979309082
2456,5090,0.016551971435546875
2457,5090,0.01645374298095703
2458,5090,0.016442537307739258
2459,5090,0.01630878448486328
2460,5080,0.016332626342773438
2461,5080,0.016347885131835938
2462,5080,0.016321897506713867
2463,5080,0.016257762908935547
2464,5080,0.016680002212524414
2465,5070,0.0164186954498291
2466,5070,0.016387462615966797
2467,5070,0.016344547271728516
2468,5070,0.01630377769470215
2469,5070,0.016341209411621094
2470,5060,0.01622772216796875
2471,5060,0.016353845596313477
2472,5060,0.01630258560180664
2473,5060,0.016225576400756836
2474,5060,0.01623058319091797
2475,5050,0.016246318817138672
2476,5050,0.016419172286987305
2477,5050,0.016333818435668945
2478,5050,0.016285181045532227
2479,5050,0.016306400299072266
2480,5040,0.016294240951538086
2481,5040,0.016268014907836914
2482,5040,0.016376972198486328
2483,5040,0.016101837158203125
2484,5040,0.016178131103515625
2485,5030,0.016168594360351562
2486,5030,0.01627492904663086
2487,5030,0.016172170639038086
2488,5030,0.01627039909362793
2489,5030,0.016175031661987305
2490,5020,0.01618647575378418
2491,5020,0.016071796417236328
2492,5020,0.016014575958251953
2493,5020,0.01590585708618164
2494,5020,0.016141414642333984
2495,5010,0.015857219696044922
2496,5010,0.01596236228942871
2497,5010,0.015900850296020508
2498,5010,0.0159759521484375
2499,5010,0.016184091567993164
