,col1,col2
0,1,6.866455078125e-05
1,1,6.175041198730469e-05
2,1,5.4836273193359375e-05
3,1,4.887580871582031e-05
4,1,4.0531158447265625e-05
5,1,5.125999450683594e-05
6,1,3.3855438232421875e-05
7,1,4.792213439941406e-05
8,1,5.841255187988281e-05
9,1,4.9591064453125e-05
10,2,9.584426879882812e-05
11,2,8.845329284667969e-05
12,2,0.00010228157043457031
13,2,0.00010061264038085938
14,2,9.489059448242188e-05
15,2,9.679794311523438e-05
16,2,8.606910705566406e-05
17,2,0.00010371208190917969
18,2,0.00011086463928222656
19,2,9.799003601074219e-05
20,3,0.00015282630920410156
21,3,0.000179290771484375
22,3,0.00015997886657714844
23,3,0.00018334388732910156
24,3,0.00017404556274414062
25,3,0.00014257431030273438
26,3,0.00017762184143066406
27,3,0.0002129077911376953
28,3,0.00018930435180664062
29,3,0.0001919269561767578
30,4,0.00027823448181152344
31,4,0.00029158592224121094
32,4,0.0002982616424560547
33,4,0.00027871131896972656
34,4,0.00026869773864746094
35,4,0.00025773048400878906
36,4,0.0002906322479248047
37,4,0.00028204917907714844
38,4,0.00029540061950683594
39,4,0.0002868175506591797
40,5,0.00040078163146972656
41,5,0.00037860870361328125
42,5,0.0004258155822753906
43,5,0.00040531158447265625
44,5,0.00041604042053222656
45,5,0.00036907196044921875
46,5,0.0003814697265625
47,5,0.0004031658172607422
48,5,0.00041937828063964844
49,5,0.0004267692565917969
50,6,0.0009887218475341797
51,6,0.0005865097045898438
52,6,0.0005640983581542969
53,6,0.0005750656127929688
54,6,0.0005578994750976562
55,6,0.0005748271942138672
56,6,0.0005602836608886719
57,6,0.0006315708160400391
58,6,0.0005931854248046875
59,6,0.0005900859832763672
60,7,0.0008039474487304688
61,7,0.0006966590881347656
62,7,0.0007588863372802734
63,7,0.0007927417755126953
64,7,0.0007719993591308594
65,7,0.0007729530334472656
66,7,0.0007932186126708984
67,7,0.0008132457733154297
68,7,0.0007789134979248047
69,7,0.0006632804870605469
70,8,0.001004934310913086
71,8,0.0009815692901611328
72,8,0.0013625621795654297
73,8,0.0009274482727050781
74,8,0.0011332035064697266
75,8,0.0010046958923339844
76,8,0.0009620189666748047
77,8,0.0010652542114257812
78,8,0.0010423660278320312
79,8,0.0009491443634033203
80,9,0.0011568069458007812
81,9,0.0013415813446044922
82,9,0.0013625621795654297
83,9,0.0012526512145996094
84,9,0.0012519359588623047
85,9,0.0012888908386230469
86,9,0.0011587142944335938
87,9,0.0012967586517333984
88,9,0.0011904239654541016
89,9,0.0011272430419921875
90,10,0.0014805793762207031
91,10,0.0015680789947509766
92,10,0.0015711784362792969
93,10,0.0015139579772949219
94,10,0.001529693603515625
95,10,0.0014748573303222656
96,10,0.0015153884887695312
97,10,0.0020182132720947266
98,10,0.0016300678253173828
99,10,0.0015246868133544922
100,11,0.0017871856689453125
101,11,0.0018858909606933594
102,11,0.0019114017486572266
103,11,0.001975536346435547
104,11,0.0016646385192871094
105,11,0.00194549560546875
106,11,0.0019092559814453125
107,11,0.001861572265625
108,11,0.0016562938690185547
109,11,0.0017514228820800781
110,12,0.0021584033966064453
111,12,0.0022737979888916016
112,12,0.002462625503540039
113,12,0.0022308826446533203
114,12,0.002476930618286133
115,12,0.002407073974609375
116,12,0.002096891403198242
117,12,0.002089977264404297
118,12,0.0020754337310791016
119,12,0.002244710922241211
120,13,0.0025091171264648438
121,13,0.002396821975708008
122,13,0.0026552677154541016
123,13,0.0025992393493652344
124,13,0.0026361942291259766
125,13,0.0023212432861328125
126,13,0.0031189918518066406
127,13,0.002579212188720703
128,13,0.0026535987854003906
129,13,0.002640247344970703
130,14,0.002787351608276367
131,14,0.002866029739379883
132,14,0.0028362274169921875
133,14,0.002832651138305664
134,14,0.0029077529907226562
135,14,0.003026723861694336
136,14,0.00266265869140625
137,14,0.0035102367401123047
138,14,0.003087759017944336
139,14,0.0031604766845703125
140,15,0.0031211376190185547
141,15,0.003560304641723633
142,15,0.003287792205810547
143,15,0.003231048583984375
144,15,0.0032892227172851562
145,15,0.0032460689544677734
146,15,0.0038194656372070312
147,15,0.003392934799194336
148,15,0.0033655166625976562
149,15,0.0035431385040283203
150,16,0.0038383007049560547
151,16,0.0038404464721679688
152,16,0.0038814544677734375
153,16,0.0038530826568603516
154,16,0.0039098262786865234
155,16,0.004748821258544922
156,16,0.004091978073120117
157,16,0.003880739212036133
158,16,0.00408482551574707
159,16,0.0038924217224121094
160,17,0.004374265670776367
161,17,0.0045545101165771484
162,17,0.004792690277099609
163,17,0.004529714584350586
164,17,0.004441976547241211
165,17,0.004166364669799805
166,17,0.0042247772216796875
167,17,0.004346609115600586
168,17,0.004087924957275391
169,17,0.004873752593994141
170,18,0.004778385162353516
171,18,0.00468897819519043
172,18,0.004709482192993164
173,18,0.004692792892456055
174,18,0.004786491394042969
175,18,0.004820346832275391
176,18,0.0054662227630615234
177,18,0.004706859588623047
178,18,0.0048160552978515625
179,18,0.004968881607055664
180,19,0.005640506744384766
181,19,0.005522489547729492
182,19,0.0061953067779541016
183,19,0.005380868911743164
184,19,0.005551815032958984
185,19,0.00496363639831543
186,19,0.004899501800537109
187,19,0.005908489227294922
188,19,0.005457162857055664
189,19,0.005474567413330078
190,20,0.006267070770263672
191,20,0.0062465667724609375
192,20,0.00664830207824707
193,20,0.00575566291809082
194,20,0.006363391876220703
195,20,0.005964756011962891
196,20,0.0060961246490478516
197,20,0.00641179084777832
198,20,0.006561756134033203
199,20,0.006405353546142578
200,21,0.006550312042236328
201,21,0.006807565689086914
202,21,0.0076024532318115234
203,21,0.006892204284667969
204,21,0.007647991180419922
205,21,0.011771440505981445
206,21,0.0077669620513916016
207,21,0.006393909454345703
208,21,0.0068895816802978516
209,21,0.006513833999633789
210,22,0.007009983062744141
211,22,0.008094310760498047
212,22,0.00749659538269043
213,22,0.007269144058227539
214,22,0.0075953006744384766
215,22,0.007598876953125
216,22,0.007483243942260742
217,22,0.0075757503509521484
218,22,0.007307529449462891
219,22,0.008293390274047852
220,23,0.008291244506835938
221,23,0.007430315017700195
222,23,0.007915019989013672
223,23,0.00846552848815918
224,23,0.007883071899414062
225,23,0.0075800418853759766
226,23,0.0077517032623291016
227,23,0.007719755172729492
228,23,0.008828878402709961
229,23,0.007933378219604492
230,24,0.009646892547607422
231,24,0.011369466781616211
232,24,0.00973963737487793
233,24,0.008815288543701172
234,24,0.009084463119506836
235,24,0.008192062377929688
236,24,0.008076190948486328
237,24,0.009990215301513672
238,24,0.007920980453491211
239,24,0.008326292037963867
240,25,0.010431289672851562
241,25,0.010384082794189453
242,25,0.009290218353271484
243,25,0.00987863540649414
244,25,0.010043144226074219
245,25,0.009451150894165039
246,25,0.010071516036987305
247,25,0.01025700569152832
248,25,0.009104251861572266
249,25,0.00957632064819336
250,26,0.01122283935546875
251,26,0.010875940322875977
252,26,0.010493755340576172
253,26,0.01116943359375
254,26,0.0099945068359375
255,26,0.010757684707641602
256,26,0.010018348693847656
257,26,0.010857343673706055
258,26,0.011225700378417969
259,26,0.011089563369750977
260,27,0.011134862899780273
261,27,0.015082836151123047
262,27,0.010519981384277344
263,27,0.010780096054077148
264,27,0.012322425842285156
265,27,0.010346412658691406
266,27,0.011515378952026367
267,27,0.011661529541015625
268,27,0.010629892349243164
269,27,0.012457847595214844
270,28,0.012807846069335938
271,28,0.012831926345825195
272,28,0.0120391845703125
273,28,0.01195073127746582
274,28,0.014356851577758789
275,28,0.011979103088378906
276,28,0.011378049850463867
277,28,0.01280522346496582
278,28,0.012543916702270508
279,28,0.01401662826538086
280,29,0.016167163848876953
281,29,0.011632919311523438
282,29,0.01613450050354004
283,29,0.013221979141235352
284,29,0.013375997543334961
285,29,0.012572765350341797
286,29,0.013895750045776367
287,29,0.013534307479858398
288,29,0.013347387313842773
289,29,0.012869834899902344
290,30,0.017578601837158203
291,30,0.014827728271484375
292,30,0.014811992645263672
293,30,0.013834238052368164
294,30,0.015704870223999023
295,30,0.013965129852294922
296,30,0.014255762100219727
297,30,0.014327526092529297
298,30,0.01452779769897461
299,30,0.016047954559326172
300,31,0.015499114990234375
301,31,0.014936447143554688
302,31,0.015145540237426758
303,31,0.01573657989501953
304,31,0.017314434051513672
305,31,0.016847610473632812
306,31,0.014854669570922852
307,31,0.015025138854980469
308,31,0.014447927474975586
309,31,0.01587963104248047
310,32,0.01705312728881836
311,32,0.017787933349609375
312,32,0.015918493270874023
313,32,0.01596975326538086
314,32,0.01646280288696289
315,32,0.0170896053314209
316,32,0.01978921890258789
317,32,0.01701664924621582
318,32,0.016839981079101562
319,32,0.016595840454101562
320,33,0.019121885299682617
321,33,0.019004344940185547
322,33,0.0179746150970459
323,33,0.018442153930664062
324,33,0.01730060577392578
325,33,0.01839280128479004
326,33,0.018308639526367188
327,33,0.0181124210357666
328,33,0.019083499908447266
329,33,0.0182950496673584
330,34,0.019086360931396484
331,34,0.019024372100830078
332,34,0.018805980682373047
333,34,0.01822948455810547
334,34,0.02030181884765625
335,34,0.019705533981323242
336,34,0.01851940155029297
337,34,0.01872706413269043
338,34,0.019766807556152344
339,34,0.018680095672607422
340,35,0.020045995712280273
341,35,0.020315885543823242
342,35,0.019060611724853516
343,35,0.019864320755004883
344,35,0.021611690521240234
345,35,0.020083904266357422
346,35,0.02025437355041504
347,35,0.020435333251953125
348,35,0.01953601837158203
349,35,0.02085113525390625
350,36,0.02202129364013672
351,36,0.021448612213134766
352,36,0.02048516273498535
353,36,0.02748394012451172
354,36,0.02140188217163086
355,36,0.021517276763916016
356,36,0.022479534149169922
357,36,0.022142410278320312
358,36,0.02303910255432129
359,36,0.022116899490356445
360,37,0.023335695266723633
361,37,0.023398160934448242
362,37,0.022963762283325195
363,37,0.022752761840820312
364,37,0.021872997283935547
365,37,0.02318882942199707
366,37,0.02313685417175293
367,37,0.023089170455932617
368,37,0.022820711135864258
369,37,0.02322673797607422
370,38,0.023913145065307617
371,38,0.026612520217895508
372,38,0.024437665939331055
373,38,0.02541351318359375
374,38,0.029336929321289062
375,38,0.02394580841064453
376,38,0.02300882339477539
377,38,0.024058818817138672
378,38,0.025445222854614258
379,38,0.026302099227905273
380,39,0.02570056915283203
381,39,0.02438044548034668
382,39,0.027078628540039062
383,39,0.025745391845703125
384,39,0.026873111724853516
385,39,0.027737140655517578
386,39,0.027166366577148438
387,39,0.02521038055419922
388,39,0.02696537971496582
389,39,0.02656865119934082
390,40,0.026781797409057617
391,40,0.028170347213745117
392,40,0.027759552001953125
393,40,0.03462815284729004
394,40,0.030637502670288086
395,40,0.03420591354370117
396,40,0.027754545211791992
397,40,0.029132843017578125
398,40,0.036336421966552734
399,40,0.030759572982788086
400,41,0.029564380645751953
401,41,0.027344703674316406
402,41,0.028342485427856445
403,41,0.027821779251098633
404,41,0.028041362762451172
405,41,0.02950000762939453
406,41,0.029085159301757812
407,41,0.02898240089416504
408,41,0.029856204986572266
409,41,0.029425382614135742
410,42,0.031516313552856445
411,42,0.03298592567443848
412,42,0.030071496963500977
413,42,0.029303550720214844
414,42,0.030047893524169922
415,42,0.030976057052612305
416,42,0.030054807662963867
417,42,0.030246734619140625
418,42,0.028623104095458984
419,42,0.0304567813873291
420,43,0.032732486724853516
421,43,0.03075408935546875
422,43,0.029638051986694336
423,43,0.032524824142456055
424,43,0.032319068908691406
425,43,0.0326542854309082
426,43,0.032602787017822266
427,43,0.030658483505249023
428,43,0.031177282333374023
429,43,0.0352780818939209
430,44,0.034123897552490234
431,44,0.03656744956970215
432,44,0.035482168197631836
433,44,0.03331470489501953
434,44,0.0366973876953125
435,44,0.03461408615112305
436,44,0.038840293884277344
437,44,0.03236961364746094
438,44,0.03729748725891113
439,44,0.03581047058105469
440,45,0.03693962097167969
441,45,0.03811502456665039
442,45,0.03563332557678223
443,45,0.03539872169494629
444,45,0.03619074821472168
445,45,0.036092519760131836
446,45,0.03610038757324219
447,45,0.03446555137634277
448,45,0.03454709053039551
449,45,0.036617279052734375
450,46,0.03832364082336426
451,46,0.03530740737915039
452,46,0.03757810592651367
453,46,0.03907060623168945
454,46,0.03761792182922363
455,46,0.03947091102600098
456,46,0.03767061233520508
457,46,0.03780198097229004
458,46,0.03658914566040039
459,46,0.03848123550415039
460,47,0.038584232330322266
461,47,0.04011845588684082
462,47,0.039515018463134766
463,47,0.03905677795410156
464,47,0.04084205627441406
465,47,0.03836822509765625
466,47,0.039186716079711914
467,47,0.03914451599121094
468,47,0.04326438903808594
469,47,0.036415815353393555
470,48,0.04545998573303223
471,48,0.04109334945678711
472,48,0.04560399055480957
473,48,0.039600372314453125
474,48,0.042376041412353516
475,48,0.03944849967956543
476,48,0.041756629943847656
477,48,0.04079604148864746
478,48,0.04158830642700195
479,48,0.042055368423461914
480,49,0.04039740562438965
481,49,0.04295825958251953
482,49,0.042308807373046875
483,49,0.04306960105895996
484,49,0.041741371154785156
485,49,0.043486595153808594
486,49,0.043012142181396484
487,49,0.04301595687866211
488,49,0.04273486137390137
489,49,0.04490327835083008
490,50,0.044951438903808594
491,50,0.047606706619262695
492,50,0.04417300224304199
493,50,0.04516458511352539
494,50,0.042946815490722656
495,50,0.046118974685668945
496,50,0.044386863708496094
497,50,0.047098636627197266
498,50,0.04348468780517578
499,50,0.04535222053527832
500,51,0.04678630828857422
501,51,0.04680824279785156
502,51,0.04909968376159668
503,51,0.04693484306335449
504,51,0.04715323448181152
505,51,0.045008182525634766
506,51,0.047020673751831055
507,51,0.06526303291320801
508,51,0.046714067459106445
509,51,0.04760169982910156
510,52,0.04903149604797363
511,52,0.047328948974609375
512,52,0.05504155158996582
513,52,0.0482027530670166
514,52,0.047273874282836914
515,52,0.048574209213256836
516,52,0.047922611236572266
517,52,0.04926753044128418
518,52,0.047809600830078125
519,52,0.049860477447509766
520,53,0.04934573173522949
521,53,0.05072665214538574
522,53,0.0522000789642334
523,53,0.05276656150817871
524,53,0.052556514739990234
525,53,0.049947261810302734
526,53,0.05092310905456543
527,53,0.049181222915649414
528,53,0.04960274696350098
529,53,0.05094575881958008
530,54,0.0536808967590332
531,54,0.05212855339050293
532,54,0.05493927001953125
533,54,0.052886962890625
534,54,0.05488276481628418
535,54,0.053726911544799805
536,54,0.05267596244812012
537,54,0.052514076232910156
538,54,0.05236625671386719
539,54,0.05086708068847656
540,55,0.05376768112182617
541,55,0.05453228950500488
542,55,0.0561065673828125
543,55,0.0594630241394043
544,55,0.05357694625854492
545,55,0.05507326126098633
546,55,0.05475640296936035
547,55,0.0533905029296875
548,55,0.05431485176086426
549,55,0.05376315116882324
550,56,0.05834555625915527
551,56,0.055832862854003906
552,56,0.058860063552856445
553,56,0.05909132957458496
554,56,0.05609726905822754
555,56,0.056374549865722656
556,56,0.058454036712646484
557,56,0.05527925491333008
558,56,0.05762147903442383
559,56,0.05744147300720215
560,57,0.06389498710632324
561,57,0.060156822204589844
562,57,0.05944633483886719
563,57,0.05974578857421875
564,57,0.055826425552368164
565,57,0.06169581413269043
566,57,0.05876302719116211
567,57,0.058698415756225586
568,57,0.05742955207824707
569,57,0.0600438117980957
570,58,0.05956888198852539
571,58,0.0635366439819336
572,58,0.060254573822021484
573,58,0.062030792236328125
574,58,0.060639142990112305
575,58,0.06568145751953125
576,58,0.06470346450805664
577,58,0.061511993408203125
578,58,0.060647010803222656
579,58,0.0606074333190918
580,59,0.06274700164794922
581,59,0.06429934501647949
582,59,0.06261920928955078
583,59,0.06511974334716797
584,59,0.06744575500488281
585,59,0.06180143356323242
586,59,0.06511640548706055
587,59,0.06256794929504395
588,59,0.06314706802368164
589,59,0.06177997589111328
590,60,0.06502461433410645
591,60,0.0700216293334961
592,60,0.0689551830291748
593,60,0.0657796859741211
594,60,0.061634063720703125
595,60,0.06492924690246582
596,60,0.0655679702758789
597,60,0.06747221946716309
598,60,0.06563711166381836
599,60,0.06695723533630371
600,61,0.07118439674377441
601,61,0.06892275810241699
602,61,0.0711214542388916
603,61,0.06905126571655273
604,61,0.06735563278198242
605,61,0.0673527717590332
606,61,0.0704655647277832
607,61,0.06925559043884277
608,61,0.0688939094543457
609,61,0.06950879096984863
610,62,0.07232379913330078
611,62,0.06953072547912598
612,62,0.06987977027893066
613,62,0.07017993927001953
614,62,0.07226061820983887
615,62,0.07269787788391113
616,62,0.06960129737854004
617,62,0.07059764862060547
618,62,0.07020163536071777
619,62,0.07119011878967285
620,63,0.07046914100646973
621,63,0.07455086708068848
622,63,0.07283163070678711
623,63,0.07279133796691895
624,63,0.07456541061401367
625,63,0.08040094375610352
626,63,0.07320046424865723
627,63,0.07201409339904785
628,63,0.07776594161987305
629,63,0.0722801685333252
630,64,0.07586216926574707
631,64,0.07544398307800293
632,64,0.07509326934814453
633,64,0.07642102241516113
634,64,0.07263422012329102
635,64,0.08069896697998047
636,64,0.07464241981506348
637,64,0.07526564598083496
638,64,0.07510614395141602
639,64,0.07653188705444336
640,65,0.07906579971313477
641,65,0.08225369453430176
642,65,0.07861685752868652
643,65,0.07764196395874023
644,65,0.07143735885620117
645,65,0.07789444923400879
646,65,0.0776360034942627
647,65,0.07766222953796387
648,65,0.07778644561767578
649,65,0.07770252227783203
650,66,0.0799248218536377
651,66,0.07836484909057617
652,66,0.08246541023254395
653,66,0.08095955848693848
654,66,0.07875895500183105
655,66,0.0793905258178711
656,66,0.08347940444946289
657,66,0.08004546165466309
658,66,0.08106303215026855
659,66,0.08508038520812988
660,67,0.08630204200744629
661,67,0.08244538307189941
662,67,0.08388280868530273
663,67,0.07948994636535645
664,67,0.08611702919006348
665,67,0.08975863456726074
666,67,0.07861495018005371
667,67,0.08281445503234863
668,67,0.08365631103515625
669,67,0.08241105079650879
670,68,0.08874154090881348
671,68,0.0897977352142334
672,68,0.08378911018371582
673,68,0.08705663681030273
674,68,0.08484649658203125
675,68,0.08365917205810547
676,68,0.08442091941833496
677,68,0.0860450267791748
678,68,0.08709383010864258
679,68,0.08480405807495117
680,69,0.0897364616394043
681,69,0.0880575180053711
682,69,0.08805084228515625
683,69,0.08975481986999512
684,69,0.08879995346069336
685,69,0.08892369270324707
686,69,0.08942914009094238
687,69,0.08904433250427246
688,69,0.08876299858093262
689,69,0.09203267097473145
690,70,0.09209084510803223
691,70,0.09243011474609375
692,70,0.09190821647644043
693,70,0.0904703140258789
694,70,0.09495306015014648
695,70,0.09348607063293457
696,70,0.09098458290100098
697,70,0.0914156436920166
698,70,0.09126424789428711
699,70,0.09171938896179199
700,71,0.09561824798583984
701,71,0.09242963790893555
702,71,0.0934760570526123
703,71,0.08923935890197754
704,71,0.09271097183227539
705,71,0.09741473197937012
706,71,0.09228229522705078
707,71,0.0950155258178711
708,71,0.0951545238494873
709,71,0.09074592590332031
710,72,0.10008001327514648
711,72,0.0970602035522461
712,72,0.09080791473388672
713,72,0.09759736061096191
714,72,0.09345889091491699
715,72,0.09634041786193848
716,72,0.09136557579040527
717,72,0.09851813316345215
718,72,0.09428596496582031
719,72,0.09580850601196289
720,73,0.09842705726623535
721,73,0.10268855094909668
722,73,0.09779858589172363
723,73,0.10032796859741211
724,73,0.09849715232849121
725,73,0.09945821762084961
726,73,0.09908723831176758
727,73,0.10012149810791016
728,73,0.09883499145507812
729,73,0.09765505790710449
730,74,0.1033773422241211
731,74,0.10696697235107422
732,74,0.10264158248901367
733,74,0.10245013236999512
734,74,0.0992889404296875
735,74,0.09956765174865723
736,74,0.106842041015625
737,74,0.10440587997436523
738,74,0.10378384590148926
739,74,0.09821510314941406
740,75,0.10389852523803711
741,75,0.10528302192687988
742,75,0.10123610496520996
743,75,0.10579919815063477
744,75,0.10431218147277832
745,75,0.10748600959777832
746,75,0.10437798500061035
747,75,0.10429048538208008
748,75,0.10373568534851074
749,75,0.1079413890838623
750,76,0.10847806930541992
751,76,0.11032366752624512
752,76,0.10573625564575195
753,76,0.10654640197753906
754,76,0.1057741641998291
755,76,0.10833287239074707
756,76,0.10848522186279297
757,76,0.11005115509033203
758,76,0.10562467575073242
759,76,0.107940673828125
760,77,0.11081480979919434
761,77,0.11378264427185059
762,77,0.11150026321411133
763,77,0.111297607421875
764,77,0.11366748809814453
765,77,0.1079397201538086
766,77,0.12931156158447266
767,77,0.11189699172973633
768,77,0.11739468574523926
769,77,0.10683965682983398
770,78,0.11589288711547852
771,78,0.11411571502685547
772,78,0.11567997932434082
773,78,0.1125941276550293
774,78,0.11310529708862305
775,78,0.11198687553405762
776,78,0.11182832717895508
777,78,0.11784744262695312
778,78,0.11978530883789062
779,78,0.10541033744812012
780,79,0.11479544639587402
781,79,0.11246109008789062
782,79,0.11593747138977051
783,79,0.11361026763916016
784,79,0.1159672737121582
785,79,0.1165165901184082
786,79,0.12263941764831543
787,79,0.11697173118591309
788,79,0.1204373836517334
789,79,0.11594057083129883
790,80,0.12053942680358887
791,80,0.12038040161132812
792,80,0.11923980712890625
793,80,0.11673951148986816
794,80,0.12370944023132324
795,80,0.1223909854888916
796,80,0.12178802490234375
797,80,0.11825704574584961
798,80,0.12550997734069824
799,80,0.12040185928344727
800,81,0.12139463424682617
801,81,0.12569856643676758
802,81,0.12591552734375
803,81,0.11911273002624512
804,81,0.1264033317565918
805,81,0.12668418884277344
806,81,0.1265866756439209
807,81,0.12091565132141113
808,81,0.11818623542785645
809,81,0.11919808387756348
810,82,0.12787723541259766
811,82,0.12517571449279785
812,82,0.12531185150146484
813,82,0.12453222274780273
814,82,0.1221766471862793
815,82,0.12897968292236328
816,82,0.12557411193847656
817,82,0.1233980655670166
818,82,0.13201212882995605
819,82,0.12741541862487793
820,83,0.13171172142028809
821,83,0.12813258171081543
822,83,0.13515734672546387
823,83,0.12915658950805664
824,83,0.12836885452270508
825,83,0.1255016326904297
826,83,0.1337568759918213
827,83,0.13188886642456055
828,83,0.1272115707397461
829,83,0.12839436531066895
830,84,0.12817120552062988
831,84,0.1403639316558838
832,84,0.13415861129760742
833,84,0.13732409477233887
834,84,0.13763022422790527
835,84,0.13470697402954102
836,84,0.13913416862487793
837,84,0.13200998306274414
838,84,0.1365830898284912
839,84,0.13079094886779785
840,85,0.14042448997497559
841,85,0.13365435600280762
842,85,0.1337740421295166
843,85,0.13225793838500977
844,85,0.13893818855285645
845,85,0.1431140899658203
846,85,0.139420747756958
847,85,0.13444280624389648
848,85,0.13712692260742188
849,85,0.1394360065460205
850,86,0.13920211791992188
851,86,0.1429598331451416
852,86,0.14038348197937012
853,86,0.14793682098388672
854,86,0.13796591758728027
855,86,0.14396977424621582
856,86,0.13775873184204102
857,86,0.14241909980773926
858,86,0.14066505432128906
859,86,0.13892579078674316
860,87,0.13866376876831055
861,87,0.14411544799804688
862,87,0.15580010414123535
863,87,0.14796924591064453
864,87,0.1442878246307373
865,87,0.14503097534179688
866,87,0.14255213737487793
867,87,0.14276695251464844
868,87,0.14782929420471191
869,87,0.14525151252746582
870,88,0.14669561386108398
871,88,0.14421796798706055
872,88,0.14505553245544434
873,88,0.15775728225708008
874,88,0.1444399356842041
875,88,0.13939523696899414
876,88,0.15075278282165527
877,88,0.14829158782958984
878,88,0.1436328887939453
879,88,0.15202569961547852
880,89,0.14916300773620605
881,89,0.1501789093017578
882,89,0.14596843719482422
883,89,0.15680217742919922
884,89,0.14971089363098145
885,89,0.14748358726501465
886,89,0.14882993698120117
887,89,0.1495199203491211
888,89,0.15134167671203613
889,89,0.1588916778564453
890,90,0.15848898887634277
891,90,0.15351319313049316
892,90,0.15155935287475586
893,90,0.14752840995788574
894,90,0.16506290435791016
895,90,0.15577936172485352
896,90,0.15523386001586914
897,90,0.15310168266296387
898,90,0.15543031692504883
899,90,0.14969205856323242
900,91,0.15994620323181152
901,91,0.1546008586883545
902,91,0.15871500968933105
903,91,0.15692424774169922
904,91,0.15906596183776855
905,91,0.1598803997039795
906,91,0.1618497371673584
907,91,0.15766477584838867
908,91,0.15947246551513672
909,91,0.15322160720825195
910,92,0.15703940391540527
911,92,0.16391634941101074
912,92,0.16341543197631836
913,92,0.16397833824157715
914,92,0.15806198120117188
915,92,0.16212105751037598
916,92,0.15924739837646484
917,92,0.16074848175048828
918,92,0.16348981857299805
919,92,0.16304397583007812
920,93,0.15625548362731934
921,93,0.16023588180541992
922,93,0.1659712791442871
923,93,0.1590437889099121
924,93,0.16648125648498535
925,93,0.1655428409576416
926,93,0.1642463207244873
927,93,0.16917681694030762
928,93,0.1635439395904541
929,93,0.1642775535583496
930,94,0.17371797561645508
931,94,0.17149567604064941
932,94,0.16662931442260742
933,94,0.17140650749206543
934,94,0.17230510711669922
935,94,0.16593337059020996
936,94,0.17458844184875488
937,94,0.17536091804504395
938,94,0.17107057571411133
939,94,0.16069746017456055
940,95,0.16843867301940918
941,95,0.1743793487548828
942,95,0.17132854461669922
943,95,0.1724720001220703
944,95,0.17322826385498047
945,95,0.1759350299835205
946,95,0.17014551162719727
947,95,0.17099213600158691
948,95,0.18243837356567383
949,95,0.17336225509643555
950,96,0.17472267150878906
951,96,0.17901921272277832
952,96,0.16719841957092285
953,96,0.17387151718139648
954,96,0.17617440223693848
955,96,0.17760682106018066
956,96,0.17504334449768066
957,96,0.18020892143249512
958,96,0.17589616775512695
959,96,0.17625784873962402
960,97,0.17934727668762207
961,97,0.1841754913330078
962,97,0.18426203727722168
963,97,0.1743931770324707
964,97,0.18102598190307617
965,97,0.17546629905700684
966,97,0.18677306175231934
967,97,0.17257308959960938
968,97,0.17966961860656738
969,97,0.18125367164611816
970,98,0.1886885166168213
971,98,0.20198869705200195
972,98,0.18697404861450195
973,98,0.19642305374145508
974,98,0.18056058883666992
975,98,0.18002533912658691
976,98,0.18564820289611816
977,98,0.18729496002197266
978,98,0.18564867973327637
979,98,0.18613743782043457
980,99,0.1890547275543213
981,99,0.195054292678833
982,99,0.18481135368347168
983,99,0.17835116386413574
984,99,0.18647289276123047
985,99,0.18520832061767578
986,99,0.1837155818939209
987,99,0.19196748733520508
988,99,0.18670225143432617
989,99,0.18662476539611816
990,100,0.1911299228668213
991,100,0.19059324264526367
992,100,0.19625139236450195
993,100,0.1907515525817871
994,100,0.19672656059265137
995,100,0.18125081062316895
996,100,0.19029450416564941
997,100,0.1977405548095703
998,100,0.19127845764160156
999,100,0.19205093383789062
1000,101,0.19736242294311523
1001,101,0.19576716423034668
1002,101,0.19269108772277832
1003,101,0.19478368759155273
1004,101,0.19715261459350586
1005,101,0.19405269622802734
1006,101,0.19335150718688965
1007,101,0.1984412670135498
1008,101,0.20008206367492676
1009,101,0.1940155029296875
1010,102,0.20642828941345215
1011,102,0.2049095630645752
1012,102,0.2008073329925537
1013,102,0.20803380012512207
1014,102,0.2011408805847168
1015,102,0.20287394523620605
1016,102,0.20404410362243652
1017,102,0.20789313316345215
1018,102,0.20262861251831055
1019,102,0.19671058654785156
1020,103,0.20229005813598633
1021,103,0.2068026065826416
1022,103,0.20206856727600098
1023,103,0.20447778701782227
1024,103,0.21145939826965332
1025,103,0.20369219779968262
1026,103,0.20146512985229492
1027,103,0.20666813850402832
1028,103,0.20502829551696777
1029,103,0.21651649475097656
1030,104,0.20633625984191895
1031,104,0.20572400093078613
1032,104,0.2070767879486084
1033,104,0.20914292335510254
1034,104,0.208937406539917
1035,104,0.20477890968322754
1036,104,0.2068500518798828
1037,104,0.20689177513122559
1038,104,0.2092881202697754
1039,104,0.20391488075256348
1040,105,0.2085437774658203
1041,105,0.21918821334838867
1042,105,0.21347260475158691
1043,105,0.21999001502990723
1044,105,0.21164202690124512
1045,105,0.2071242332458496
1046,105,0.22268247604370117
1047,105,0.21507501602172852
1048,105,0.21370673179626465
1049,105,0.21357941627502441
1050,106,0.21922922134399414
1051,106,0.21886777877807617
1052,106,0.22005701065063477
1053,106,0.22171998023986816
1054,106,0.21664142608642578
1055,106,0.21903753280639648
1056,106,0.21810269355773926
1057,106,0.2204146385192871
1058,106,0.21296191215515137
1059,106,0.21161437034606934
1060,107,0.2231757640838623
1061,107,0.2229776382446289
1062,107,0.22019386291503906
1063,107,0.22411370277404785
1064,107,0.21571135520935059
1065,107,0.20868659019470215
1066,107,0.21716809272766113
1067,107,0.225236177444458
1068,107,0.22368788719177246
1069,107,0.23704862594604492
1070,108,0.21777772903442383
1071,108,0.22546648979187012
1072,108,0.22112655639648438
1073,108,0.2259082794189453
1074,108,0.22850322723388672
1075,108,0.21989893913269043
1076,108,0.21966099739074707
1077,108,0.21843218803405762
1078,108,0.22636961936950684
1079,108,0.21310806274414062
1080,109,0.22501063346862793
1081,109,0.22542119026184082
1082,109,0.22994160652160645
1083,109,0.22793960571289062
1084,109,0.2364211082458496
1085,109,0.2289445400238037
1086,109,0.2320401668548584
1087,109,0.23598933219909668
1088,109,0.2290809154510498
1089,109,0.2332477569580078
1090,110,0.23026204109191895
1091,110,0.24045848846435547
1092,110,0.22919559478759766
1093,110,0.23663067817687988
1094,110,0.23301911354064941
1095,110,0.23871517181396484
1096,110,0.2303617000579834
1097,110,0.23049426078796387
1098,110,0.23557043075561523
1099,110,0.23267626762390137
1100,111,0.23653268814086914
1101,111,0.24213099479675293
1102,111,0.24913644790649414
1103,111,0.23975443840026855
1104,111,0.24387335777282715
1105,111,0.23782920837402344
1106,111,0.24328875541687012
1107,111,0.237091064453125
1108,111,0.24634051322937012
1109,111,0.22811555862426758
1110,112,0.2491588592529297
1111,112,0.23847055435180664
1112,112,0.25360822677612305
1113,112,0.23600482940673828
1114,112,0.2488701343536377
1115,112,0.24174118041992188
1116,112,0.24596142768859863
1117,112,0.2453746795654297
1118,112,0.2450544834136963
1119,112,0.2396554946899414
1120,113,0.2501351833343506
1121,113,0.25479936599731445
1122,113,0.24111342430114746
1123,113,0.2456984519958496
1124,113,0.2453606128692627
1125,113,0.25261545181274414
1126,113,0.24674224853515625
1127,113,0.23767709732055664
1128,113,0.2467060089111328
1129,113,0.2521545886993408
1130,114,0.24454331398010254
1131,114,0.2489609718322754
1132,114,0.25460076332092285
1133,114,0.2559092044830322
1134,114,0.25861072540283203
1135,114,0.2496654987335205
1136,114,0.24793195724487305
1137,114,0.25507450103759766
1138,114,0.2592017650604248
1139,114,0.2504725456237793
1140,115,0.25681447982788086
1141,115,0.2631804943084717
1142,115,0.26134276390075684
1143,115,0.2613565921783447
1144,115,0.24932050704956055
1145,115,0.2598116397857666
1146,115,0.2583160400390625
1147,115,0.2606844902038574
1148,115,0.2606236934661865
1149,115,0.26036953926086426
1150,116,0.2591731548309326
1151,116,0.26659417152404785
1152,116,0.26437902450561523
1153,116,0.25124311447143555
1154,116,0.26792287826538086
1155,116,0.26388096809387207
1156,116,0.2740190029144287
1157,116,0.26775312423706055
1158,116,0.2639186382293701
1159,116,0.26659178733825684
1160,117,0.2669839859008789
1161,117,0.2649221420288086
1162,117,0.26561975479125977
1163,117,0.2660410404205322
1164,117,0.2666916847229004
1165,117,0.2681081295013428
1166,117,0.26868414878845215
1167,117,0.2697484493255615
1168,117,0.2671077251434326
1169,117,0.2677803039550781
1170,118,0.26239967346191406
1171,118,0.27293896675109863
1172,118,0.2737245559692383
1173,118,0.27074646949768066
1174,118,0.2746572494506836
1175,118,0.27486515045166016
1176,118,0.26929736137390137
1177,118,0.27167487144470215
1178,118,0.26912975311279297
1179,118,0.26674556732177734
1180,119,0.2866976261138916
1181,119,0.2722935676574707
1182,119,0.27115488052368164
1183,119,0.2808995246887207
1184,119,0.27873897552490234
1185,119,0.27079248428344727
1186,119,0.2769138813018799
1187,119,0.28053855895996094
1188,119,0.27092790603637695
1189,119,0.2858433723449707
1190,120,0.2697131633758545
1191,120,0.29186511039733887
1192,120,0.2890181541442871
1193,120,0.2743363380432129
1194,120,0.27583789825439453
1195,120,0.27892327308654785
1196,120,0.2756612300872803
1197,120,0.28532958030700684
1198,120,0.2894737720489502
1199,120,0.2816789150238037
1200,121,0.2868483066558838
1201,121,0.27666473388671875
1202,121,0.28803133964538574
1203,121,0.28043651580810547
1204,121,0.28339171409606934
1205,121,0.2857699394226074
1206,121,0.2837560176849365
1207,121,0.2913999557495117
1208,121,0.28928208351135254
1209,121,0.2867097854614258
1210,122,0.29186105728149414
1211,122,0.29640674591064453
1212,122,0.2798337936401367
1213,122,0.2991962432861328
1214,122,0.28980588912963867
1215,122,0.2896566390991211
1216,122,0.29126620292663574
1217,122,0.29979681968688965
1218,122,0.2895059585571289
1219,122,0.2982156276702881
1220,123,0.29244351387023926
1221,123,0.29433512687683105
1222,123,0.2959883213043213
1223,123,0.28863000869750977
1224,123,0.3213307857513428
1225,123,0.29925966262817383
1226,123,0.2978823184967041
1227,123,0.285891056060791
1228,123,0.2980771064758301
1229,123,0.2895927429199219
1230,124,0.29727792739868164
1231,124,0.29804134368896484
1232,124,0.3067636489868164
1233,124,0.2974662780761719
1234,124,0.29753589630126953
1235,124,0.3031501770019531
1236,124,0.3087012767791748
1237,124,0.29303956031799316
1238,124,0.30037903785705566
1239,124,0.2973299026489258
1240,125,0.30661511421203613
1241,125,0.3100740909576416
1242,125,0.31503796577453613
1243,125,0.29903602600097656
1244,125,0.308337926864624
1245,125,0.30281782150268555
1246,125,0.30683183670043945
1247,125,0.30527162551879883
1248,125,0.29719042778015137
1249,125,0.30370116233825684
1250,126,0.3116798400878906
1251,126,0.3083016872406006
1252,126,0.3102874755859375
1253,126,0.31298232078552246
1254,126,0.304246187210083
1255,126,0.3090798854827881
1256,126,0.30237245559692383
1257,126,0.30623960494995117
1258,126,0.310840368270874
1259,126,0.30703210830688477
1260,127,0.3102297782897949
1261,127,0.3135857582092285
1262,127,0.3084700107574463
1263,127,0.3114454746246338
1264,127,0.3092763423919678
1265,127,0.3231627941131592
1266,127,0.31102991104125977
1267,127,0.31218481063842773
1268,127,0.3216972351074219
1269,127,0.30953216552734375
1270,128,0.32569313049316406
1271,128,0.32698559761047363
1272,128,0.3104696273803711
1273,128,0.32351207733154297
1274,128,0.32715559005737305
1275,128,0.3212895393371582
1276,128,0.32029223442077637
1277,128,0.3260016441345215
1278,128,0.3212618827819824
1279,128,0.3150746822357178
1280,129,0.3256337642669678
1281,129,0.3297708034515381
1282,129,0.32906365394592285
1283,129,0.32321691513061523
1284,129,0.32370758056640625
1285,129,0.33031606674194336
1286,129,0.32297229766845703
1287,129,0.32244110107421875
1288,129,0.3212113380432129
1289,129,0.3177199363708496
1290,130,0.33675694465637207
1291,130,0.3313910961151123
1292,130,0.32854151725769043
1293,130,0.31966376304626465
1294,130,0.3289470672607422
1295,130,0.33329153060913086
1296,130,0.3347053527832031
1297,130,0.3277316093444824
1298,130,0.32895874977111816
1299,130,0.3296074867248535
1300,131,0.33072710037231445
1301,131,0.334214448928833
1302,131,0.34157705307006836
1303,131,0.346036434173584
1304,131,0.33830714225769043
1305,131,0.341705322265625
1306,131,0.3387901782989502
1307,131,0.3424069881439209
1308,131,0.34581661224365234
1309,131,0.34604954719543457
1310,132,0.334014892578125
1311,132,0.34311652183532715
1312,132,0.3519601821899414
1313,132,0.34281492233276367
1314,132,0.33139705657958984
1315,132,0.33849167823791504
1316,132,0.34760475158691406
1317,132,0.350480318069458
1318,132,0.3391580581665039
1319,132,0.3438897132873535
1320,133,0.34145617485046387
1321,133,0.35030674934387207
1322,133,0.34766483306884766
1323,133,0.3390650749206543
1324,133,0.34792613983154297
1325,133,0.3420140743255615
1326,133,0.34430670738220215
1327,133,0.3409428596496582
1328,133,0.3508765697479248
1329,133,0.34566187858581543
1330,134,0.3590681552886963
1331,134,0.35346484184265137
1332,134,0.35572075843811035
1333,134,0.3603208065032959
1334,134,0.34712719917297363
1335,134,0.3654296398162842
1336,134,0.35006237030029297
1337,134,0.35184788703918457
1338,134,0.3539416790008545
1339,134,0.3507049083709717
1340,135,0.34691619873046875
1341,135,0.3558173179626465
1342,135,0.3608667850494385
1343,135,0.3603084087371826
1344,135,0.357302188873291
1345,135,0.36649155616760254
1346,135,0.3519306182861328
1347,135,0.3642435073852539
1348,135,0.36771702766418457
1349,135,0.3610846996307373
1350,136,0.3678016662597656
1351,136,0.36470961570739746
1352,136,0.3730642795562744
1353,136,0.37082934379577637
1354,136,0.36635923385620117
1355,136,0.3667440414428711
1356,136,0.35765504837036133
1357,136,0.37377452850341797
1358,136,0.36260128021240234
1359,136,0.3691284656524658
1360,137,0.36455416679382324
1361,137,0.3685646057128906
1362,137,0.37014007568359375
1363,137,0.3658304214477539
1364,137,0.35881829261779785
1365,137,0.37108922004699707
1366,137,0.3711056709289551
1367,137,0.36106324195861816
1368,137,0.36379313468933105
1369,137,0.36450815200805664
1370,138,0.38523244857788086
1371,138,0.3646101951599121
1372,138,0.3833959102630615
1373,138,0.38057446479797363
1374,138,0.39432621002197266
1375,138,0.3674736022949219
1376,138,0.37775135040283203
1377,138,0.37765979766845703
1378,138,0.3750307559967041
1379,138,0.3835031986236572
1380,139,0.37938404083251953
1381,139,0.3808097839355469
1382,139,0.38195347785949707
1383,139,0.3758375644683838
1384,139,0.37799835205078125
1385,139,0.38242173194885254
1386,139,0.3780193328857422
1387,139,0.37732410430908203
1388,139,0.3795962333679199
1389,139,0.376523494720459
1390,140,0.3848094940185547
1391,140,0.37799549102783203
1392,140,0.3942413330078125
1393,140,0.3910830020904541
1394,140,0.38791418075561523
1395,140,0.38460874557495117
1396,140,0.384507417678833
1397,140,0.3934743404388428
1398,140,0.3914046287536621
1399,140,0.3947160243988037
1400,141,0.3992180824279785
1401,141,0.40036702156066895
1402,141,0.38735175132751465
1403,141,0.39379143714904785
1404,141,0.39553380012512207
1405,141,0.3940243721008301
1406,141,0.39453887939453125
1407,141,0.37874603271484375
1408,141,0.3884720802307129
1409,141,0.3933689594268799
1410,142,0.40712785720825195
1411,142,0.3958008289337158
1412,142,0.3913002014160156
1413,142,0.38979315757751465
1414,142,0.40242600440979004
1415,142,0.3937411308288574
1416,142,0.3875713348388672
1417,142,0.39417195320129395
1418,142,0.3971419334411621
1419,142,0.4022817611694336
1420,143,0.40569353103637695
1421,143,0.40825366973876953
1422,143,0.4158616065979004
1423,143,0.39314818382263184
1424,143,0.3978080749511719
1425,143,0.4081404209136963
1426,143,0.40886950492858887
1427,143,0.38802504539489746
1428,143,0.40763211250305176
1429,143,0.40064167976379395
1430,144,0.4067044258117676
1431,144,0.41764092445373535
1432,144,0.4055454730987549
1433,144,0.41071128845214844
1434,144,0.41823482513427734
1435,144,0.3998911380767822
1436,144,0.40349650382995605
1437,144,0.40857410430908203
1438,144,0.40900707244873047
1439,144,0.4093036651611328
1440,145,0.40967416763305664
1441,145,0.4133021831512451
1442,145,0.4174356460571289
1443,145,0.41838836669921875
1444,145,0.4155263900756836
1445,145,0.4150888919830322
1446,145,0.41217708587646484
1447,145,0.40360331535339355
1448,145,0.4192345142364502
1449,145,0.42144227027893066
1450,146,0.4174063205718994
1451,146,0.4143218994140625
1452,146,0.4174492359161377
1453,146,0.41947054862976074
1454,146,0.4135923385620117
1455,146,0.4113197326660156
1456,146,0.4252479076385498
1457,146,0.4241971969604492
1458,146,0.42304301261901855
1459,146,0.4236292839050293
1460,147,0.4185755252838135
1461,147,0.4305453300476074
1462,147,0.4287896156311035
1463,147,0.4286231994628906
1464,147,0.41916847229003906
1465,147,0.4212987422943115
1466,147,0.4295012950897217
1467,147,0.4334280490875244
1468,147,0.43380069732666016
1469,147,0.4140493869781494
1470,148,0.43012356758117676
1471,148,0.4341471195220947
1472,148,0.4345359802246094
1473,148,0.4452192783355713
1474,148,0.43408918380737305
1475,148,0.4362635612487793
1476,148,0.4417142868041992
1477,148,0.4264795780181885
1478,148,0.44310545921325684
1479,148,0.4266245365142822
1480,149,0.44576001167297363
1481,149,0.4247169494628906
1482,149,0.4321002960205078
1483,149,0.4413275718688965
1484,149,0.43049120903015137
1485,149,0.42948222160339355
1486,149,0.4480259418487549
1487,149,0.43909287452697754
1488,149,0.441697359085083
1489,149,0.43859410285949707
